,phrase,label,sentiment,subjectivity,language,count
first,first,ORDINAL,,,en,412
330,330,CARDINAL,,,en,341
Saturday,Saturday,DATE,,,en,282
329,329,CARDINAL,,,en,269
two,two,CARDINAL,,,en,204
one,one,CARDINAL,,,en,204
331,331,PRODUCT,,,en,176
Monday,Monday,DATE,,,en,116
Friday,Friday,DATE,,,en,93
night,night,TIME,,,en,84
French,French,NORP,,,en,79
Wednesday,Wednesday,DATE,,,en,77
17,17,CARDINAL,,,en,76
2,2,CARDINAL,,,en,74
second,second,ORDINAL,,,en,73
2026,2026,CARDINAL,,,en,72
Ultimate Fighting Championship,Ultimate Fighting Championship,EVENT,,,en,69
Thursday,Thursday,DATE,,,en,66
10,10,CARDINAL,,,en,64
this week,this week,DATE,,,en,60
1,1,CARDINAL,,,en,60
five,five,CARDINAL,,,en,57
Tuesday,Tuesday,DATE,,,en,54
The Fine Print,The Fine Print,WORK_OF_ART,,,en,50
Fight Night,Fight Night,WORK_OF_ART,,,en,49
Sunday,Sunday,DATE,,,en,49
28,28,CARDINAL,,,en,48
250,250,CARDINAL,,,en,47
British,British,NORP,,,en,45
One,One,CARDINAL,,,en,44
June,June,DATE,,,en,43
Etihad Arena,Etihad Arena,FAC,0.582404601571268,2.247145061728395,en,41
Democrats,Democrats,NORP,,,en,41
German,German,NORP,,,en,40
this weekend,this weekend,DATE,,,en,39
three,three,CARDINAL,,,en,39
Republican,Republican,NORP,,,en,38
12,12,CARDINAL,,,en,37
four,four,CARDINAL,,,en,37
Jimmy Kimmel Live,Jimmy Kimmel Live,WORK_OF_ART,,,en,36
Russian,Russian,NORP,,,en,36
the Ultimate Fighting Championship,the Ultimate Fighting Championship,WORK_OF_ART,,,en,35
Republicans,Republicans,NORP,,,en,35
today,today,DATE,,,en,35
333,333,PRODUCT,,,en,35
11,11,CARDINAL,,,en,34
22,22,CARDINAL,,,en,32
Democratic,Democratic,NORP,,,en,30
third,third,ORDINAL,,,en,30
American,American,NORP,,,en,29
fifth,fifth,ORDINAL,,,en,29
Digger,Digger,WORK_OF_ART,,,en,28
Democrat,Democrat,NORP,,,en,28
Golden 1 Center,Golden 1 Center,FAC,,,en,28
"July 25, 2026","July 25, 2026",DATE,,,en,28
5,5,MONEY,,,en,28
Fight Night 282,Fight Night 282,WORK_OF_ART,,,en,27
week,week,DATE,,,en,27
9,9,CARDINAL,,,en,26
3,3,CARDINAL,,,en,25
years,years,DATE,,,en,24
13,13,CARDINAL,,,en,24
last weekend,last weekend,DATE,,,en,24
five years,five years,DATE,,,en,23
Contender Series,Contender Series,EVENT,,,en,23
the White House,the White House,FAC,,,en,23
seventh,seventh,ORDINAL,,,en,22
21,21,CARDINAL,,,en,22
Consent Framework,Consent Framework,WORK_OF_ART,,,en,21
"Aug. 22, 2026","Aug. 22, 2026",DATE,,,en,21
4,4,CARDINAL,,,en,21
18,18,CARDINAL,,,en,21
late-night,late-night,TIME,,,en,21
29,29,CARDINAL,,,en,21
Brazilian,Brazilian,NORP,,,en,21
Two,Two,CARDINAL,,,en,20
69,69,DATE,,,en,20
Fight Night 286,Fight Night 286,WORK_OF_ART,,,en,20
D,D,NORP,,,en,20
last week,last week,DATE,,,en,20
24,24,CARDINAL,,,en,19
2028,2028,DATE,,,en,18
last month,last month,DATE,,,en,18
September,September,DATE,,,en,18
World Cup,World Cup,EVENT,,,en,18
the year,the year,DATE,,,en,18
The Tonight Show,The Tonight Show,WORK_OF_ART,,,en,18
Irishman,Irishman,NORP,,,en,17
five-year,five-year,DATE,,,en,17
2025,2025,DATE,,,en,17
annual,annual,DATE,,,en,17
7,7,CARDINAL,,,en,17
65 billion barrels,65 billion barrels,QUANTITY,,,en,16
Euphoria,Euphoria,WORK_OF_ART,,,en,16
summer,summer,DATE,,,en,16
August 15,August 15,DATE,,,en,16
RAF 12,RAF 12,LAW,,,en,16
this year,this year,DATE,,,en,16
Buckingham Palace,Buckingham Palace,FAC,,,en,16
morning,morning,TIME,,,en,16
|,|,CARDINAL,,,en,16
14,14,CARDINAL,,,en,16
First,First,ORDINAL,,,en,15
Spaniard,Spaniard,NORP,,,en,15
late night,late night,TIME,,,en,15
Sept. 19,Sept. 19,DATE,,,en,15
16,16,CARDINAL,,,en,15
Chinese,Chinese,NORP,,,en,15
a decade,a decade,DATE,,,en,15
a year,a year,DATE,,,en,14
15,15,MONEY,,,en,14
Fight Night 285,Fight Night 285,WORK_OF_ART,,,en,14
2020,2020,DATE,,,en,14
23,23,CARDINAL,,,en,14
UFC Fight Night:,UFC Fight Night:,WORK_OF_ART,,,en,14
Fight Night:,Fight Night:,WORK_OF_ART,,,en,14
UFC Fight Night,UFC Fight Night,WORK_OF_ART,,,en,14
Aug. 15,Aug. 15,DATE,,,en,14
Patient Zero,Patient Zero,WORK_OF_ART,,,en,13
64,64,DATE,,,en,13
earlier tonight,earlier tonight,TIME,,,en,13
2027,2027,DATE,,,en,13
8,8,CARDINAL,,,en,13
Madison Square Garden,Madison Square Garden,FAC,,,en,13
T-Mobile Arena,T-Mobile Arena,FAC,,,en,13
The Life of a Showgirl:,The Life of a Showgirl:,WORK_OF_ART,,,en,13
November,November,DATE,,,en,13
"the 
Ultimate Fighting Championship","the 
Ultimate Fighting Championship",WORK_OF_ART,,,en,13
Canadian,Canadian,NORP,,,en,13
tonight,tonight,TIME,,,en,13
July,July,DATE,,,en,13
earlier today,earlier today,TIME,,,en,12
19,19,CARDINAL,,,en,12
155 lbs,155 lbs,QUANTITY,,,en,12
2022,2022,DATE,,,en,12
Fight Night 287,Fight Night 287,WORK_OF_ART,,,en,12
Saturday night,Saturday night,TIME,,,en,12
decades,decades,DATE,,,en,12
last night,last night,TIME,,,en,12
yesterday,yesterday,DATE,,,en,12
Americans,Americans,NORP,,,en,12
this Saturday,this Saturday,DATE,,,en,11
Israeli,Israeli,NORP,,,en,11
Bantamweight,Bantamweight,WORK_OF_ART,,,en,11
weeks,weeks,DATE,,,en,11
20,20,CARDINAL,,,en,11
Irish,Irish,NORP,,,en,11
MTV Video Music Awards,MTV Video Music Awards,EVENT,,,en,11
PM,PM,TIME,,,en,11
6,6,CARDINAL,,,en,11
"100,000","100,000",MONEY,,,en,11
August,August,DATE,,,en,11
36,36,DATE,,,en,10
The View,The View,WORK_OF_ART,,,en,10
the weekend,the weekend,DATE,,,en,10
The Late Show,The Late Show,WORK_OF_ART,,,en,10
2024,2024,DATE,,,en,10
just 69 seconds,just 69 seconds,TIME,,,en,10
fourth,fourth,ORDINAL,,,en,10
249,249,CARDINAL,,,en,10
the night,the night,TIME,,,en,10
2021,2021,DATE,,,en,10
earlier this year,earlier this year,DATE,,,en,10
weekly,weekly,DATE,,,en,10
Today,Today,DATE,,,en,10
Dagestani,Dagestani,NORP,0.4833333333333332,3.8,en,9
UFC Fight Night 282,UFC Fight Night 282,WORK_OF_ART,,,en,9
last year,last year,DATE,,,en,9
Oscar,Oscar,WORK_OF_ART,,,en,9
"Aug. 29, 2026","Aug. 29, 2026",DATE,,,en,9
The Life of a Showgirl,The Life of a Showgirl,WORK_OF_ART,,,en,9
UBS Arena,UBS Arena,FAC,,,en,9
months,months,DATE,,,en,9
Indian,Indian,NORP,,,en,9
October,October,DATE,,,en,9
20-2,20-2,CARDINAL,,,en,8
Germans,Germans,NORP,,,en,8
this past weekend,this past weekend,DATE,,,en,8
2013,2013,DATE,,,en,8
Freedom 250,Freedom 250,LAW,,,en,8
more than a decade,more than a decade,DATE,,,en,8
July 2026,July 2026,DATE,,,en,8
the day,the day,DATE,,,en,8
Aug. 22,Aug. 22,DATE,,,en,8
thousands,thousands,CARDINAL,,,en,8
Spinning Back Clique,Spinning Back Clique,WORK_OF_ART,,,en,8
This week,This week,DATE,,,en,8
49-46,49-46,DATE,,,en,8
10 years,10 years,DATE,,,en,8
Encore,Encore,PRODUCT,,,en,8
Islam Makhachev,Islam Makhachev,NORP,0.3171851851851852,0.6790370370370369,en,8
"5,000","5,000",MONEY,,,en,8
Iraqi,Iraqi,NORP,,,en,8
July 11,July 11,DATE,,,en,8
seven,seven,CARDINAL,,,en,7
2015,2015,CARDINAL,,,en,7
Four,Four,CARDINAL,,,en,7
earlier this month,earlier this month,DATE,,,en,7
weekend,weekend,DATE,,,en,7
RAF,RAF,EVENT,0.9333333333333335,1.2166666666666666,en,7
Iranian,Iranian,NORP,,,en,7
the Crypto.com Arena,the Crypto.com Arena,FAC,,,en,7
year,year,DATE,,,en,7
The Highlight,The Highlight,WORK_OF_ART,,,en,7
zero,zero,CARDINAL,,,en,7
Rocket Arena,Rocket Arena,FAC,,,en,7
41,41,DATE,,,en,7
Downing Street,Downing Street,FAC,,,en,7
Three,Three,CARDINAL,,,en,7
311,311,CARDINAL,,,en,7
the Golden 1 Center,the Golden 1 Center,FAC,,,en,7
this summer,this summer,DATE,,,en,7
millions,millions,CARDINAL,,,en,7
TONIGHT,TONIGHT,TIME,,,en,7
the years,the years,DATE,,,en,7
2019,2019,DATE,,,en,7
100 percent,100 percent,PERCENT,,,en,7
next weekend,next weekend,DATE,,,en,7
May,May,DATE,,,en,7
Xfinity Mobile Arena,Xfinity Mobile Arena,FAC,,,en,7
"July 31, 2026","July 31, 2026",DATE,,,en,7
200,200,MONEY,,,en,7
Broadway,Broadway,FAC,,,en,6
July 20,July 20,DATE,,,en,6
September 19,September 19,DATE,,,en,6
next week,next week,DATE,,,en,6
the season,the season,DATE,,,en,6
more than a year,more than a year,DATE,,,en,6
tomorrow,tomorrow,DATE,,,en,6
Last year,Last year,DATE,,,en,6
October 24,October 24,DATE,,,en,6
eight,eight,CARDINAL,,,en,6
UFC Fight Night 285,UFC Fight Night 285,WORK_OF_ART,,,en,6
August 2026,August 2026,DATE,,,en,6
Last night,Last night,TIME,,,en,6
20-6,20-6,CARDINAL,,,en,6
Meta Apex,Meta Apex,WORK_OF_ART,,,en,6
Days,Days,DATE,,,en,6
"1,000","1,000",CARDINAL,,,en,6
8 p.m.,8 p.m.,TIME,,,en,6
Earlier this year,Earlier this year,DATE,,,en,6
Week 1,Week 1,DATE,,,en,6
Air Force One,Air Force One,PRODUCT,,,en,6
Emmys,Emmys,EVENT,,,en,6
323,323,PRODUCT,,,en,6
Five,Five,CARDINAL,,,en,6
10-2,10-2,CARDINAL,,,en,6
60 Minutes,60 Minutes,TIME,,,en,6
34,34,DATE,,,en,6
282,282,CARDINAL,,,en,6
Midnight Mania,Midnight Mania,TIME,,,en,6
this past Saturday,this past Saturday,DATE,,,en,6
recent years,recent years,DATE,,,en,5
"July 11, 2026","July 11, 2026",DATE,,,en,5
Australian,Australian,NORP,,,en,5
next PM,next PM,TIME,,,en,5
20-1,20-1,CARDINAL,,,en,5
17th,17th,ORDINAL,,,en,5
February,February,DATE,,,en,5
205 lbs,205 lbs,QUANTITY,,,en,5
Shanghai Indoor Stadium,Shanghai Indoor Stadium,FAC,,,en,5
later this year,later this year,DATE,,,en,5
This weekend,This weekend,DATE,,,en,5
14-11,14-11,DATE,,,en,5
Ukrainian,Ukrainian,NORP,,,en,5
five years ago,five years ago,DATE,,,en,5
series,series,EVENT,,,en,5
the coming months,the coming months,DATE,,,en,5
December,December,DATE,,,en,5
287,287,CARDINAL,,,en,5
Light Heavyweight,Light Heavyweight,WORK_OF_ART,,,en,5
2023,2023,DATE,,,en,5
Sunday night,Sunday night,TIME,,,en,5
24-14,24-14,DATE,,,en,5
The Sheehan Show,The Sheehan Show,WORK_OF_ART,,,en,5
Aug. 11,Aug. 11,DATE,,,en,5
Belgian,Belgian,NORP,,,en,5
June 14,June 14,DATE,,,en,5
The Fate of Ophelia,The Fate of Ophelia,WORK_OF_ART,,,en,5
July 25,July 25,DATE,,,en,5
Britains,Britains,NORP,,,en,5
18-3-1,18-3-1,DATE,,,en,5
World War II,World War II,EVENT,,,en,5
three-year,three-year,DATE,,,en,5
50%,50%,PERCENT,,,en,5
a week,a week,DATE,,,en,5
"Aug. 15, 2026","Aug. 15, 2026",DATE,,,en,5
The Tonight Show Starring Jimmy Fallon,The Tonight Show Starring Jimmy Fallon,WORK_OF_ART,,,en,5
70,70,DATE,,,en,5
Saturdays,Saturdays,DATE,,,en,5
The Ultimate Fighting Championship,The Ultimate Fighting Championship,LAW,,,en,5
Last week,Last week,DATE,,,en,5
North Korean,North Korean,NORP,,,en,5
5th,5th,ORDINAL,,,en,5
Cruise,Cruise,PRODUCT,,,en,5
Octagon,Octagon,FAC,,,en,5
Oct. 24,Oct. 24,DATE,,,en,5
"45,000","45,000",MONEY,,,en,5
49ers,49ers,CARDINAL,,,en,5
This Week,This Week,WORK_OF_ART,,,en,5
Commonwealth Games,Commonwealth Games,EVENT,,,en,5
Celtic,Celtic,NORP,,,en,5
39,39,MONEY,,,en,5
Socialists,Socialists,NORP,,,en,5
27,27,CARDINAL,,,en,5
evening,evening,TIME,,,en,5
Christmas,Christmas,DATE,,,en,5
"the
Ultimate Fighting Championship","the
Ultimate Fighting Championship",WORK_OF_ART,,,en,4
Marxist,Marxist,NORP,,,en,4
37,37,CARDINAL,,,en,4
Flyweight,Flyweight,PRODUCT,,,en,4
six,six,CARDINAL,,,en,4
332,332,PRODUCT,,,en,4
Grammy,Grammy,WORK_OF_ART,,,en,4
Sept. 27,Sept. 27,DATE,,,en,4
Jews,Jews,NORP,,,en,4
English,English,LANGUAGE,,,en,4
2016,2016,DATE,,,en,4
the Etihad Arena,the Etihad Arena,FAC,,,en,4
two years,two years,DATE,,,en,4
this month,this month,DATE,,,en,4
7th,7th,ORDINAL,,,en,4
Wednesday night,Wednesday night,TIME,,,en,4
two weeks,two weeks,DATE,,,en,4
less than two weeks,less than two weeks,DATE,,,en,4
2nd,2nd,ORDINAL,,,en,4
Trump,Trump,PRODUCT,,,en,4
Gable Steveson,Gable Steveson,FAC,0.03881118881118881,0.08629807692307692,en,4
"more than 2,000","more than 2,000",CARDINAL,,,en,4
August 15th,August 15th,DATE,,,en,4
Good Hang,Good Hang,WORK_OF_ART,,,en,4
Ten,Ten,CARDINAL,,,en,4
Monday night,Monday night,TIME,,,en,4
the late night,the late night,TIME,,,en,4
"Aug. 12, 2026 /PRNewswire/","Aug. 12, 2026 /PRNewswire/",DATE,,,en,4
three-night,three-night,TIME,,,en,4
autumn,autumn,DATE,,,en,4
the Accor Arena,the Accor Arena,FAC,,,en,4
The Life of a Showgirl: The Encore,The Life of a Showgirl: The Encore,WORK_OF_ART,,,en,4
early morning,early morning,TIME,,,en,4
less than 24 hours,less than 24 hours,TIME,,,en,4
Paycom Center,Paycom Center,FAC,,,en,4
"Saturday, September 19","Saturday, September 19",DATE,,,en,4
100,100,CARDINAL,,,en,4
24-15,24-15,CARDINAL,,,en,4
over two decades,over two decades,DATE,,,en,4
Fight Island,Fight Island,WORK_OF_ART,0.05132275132275133,0.640542328042328,en,4
Christian,Christian,NORP,,,en,4
Season 34,Season 34,DATE,,,en,4
next year,next year,DATE,,,en,4
another week,another week,DATE,,,en,4
the Xfinity Mobile Arena,the Xfinity Mobile Arena,FAC,,,en,4
Aug. 16,Aug. 16,DATE,,,en,4
Welterweight Championship,Welterweight Championship,WORK_OF_ART,,,en,4
more than seven years,more than seven years,DATE,,,en,4
Embedded,Embedded,WORK_OF_ART,,,en,4
the 2026 Emmys,the 2026 Emmys,EVENT,,,en,4
2026Location,2026Location,CARDINAL,,,en,4
Sunday afternoon,Sunday afternoon,TIME,,,en,4
12 hours,12 hours,TIME,,,en,4
"July 18, 2026","July 18, 2026",DATE,,,en,4
Frenchman,Frenchman,NORP,,,en,4
years ago,years ago,DATE,,,en,4
recent weeks,recent weeks,DATE,,,en,4
dozens,dozens,CARDINAL,,,en,4
sixth,sixth,ORDINAL,,,en,4
White House,White House,FAC,,,en,4
Verity,Verity,WORK_OF_ART,,,en,4
over a year,over a year,DATE,,,en,4
one day,one day,DATE,,,en,4
later this month,later this month,DATE,,,en,4
43,43,DATE,,,en,4
January 2025,January 2025,DATE,,,en,4
the week,the week,DATE,,,en,4
23rd,23rd,DATE,,,en,4
1 pound,1 pound,QUANTITY,,,en,4
Batman,Batman,WORK_OF_ART,,,en,4
Danish,Danish,NORP,,,en,4
September 19th,September 19th,DATE,,,en,4
July 10,July 10,DATE,,,en,4
"Sept. 19, 2026","Sept. 19, 2026",DATE,,,en,4
"an extra $100,000","an extra $100,000",MONEY,,,en,4
just 36 seconds,just 36 seconds,TIME,,,en,4
26,26,CARDINAL,,,en,4
just over a minute,just over a minute,TIME,,,en,4
$50 Bonus,$50 Bonus,MONEY,,,en,4
July 8,July 8,DATE,,,en,3
1994,1994,DATE,,,en,3
Saudi,Saudi,NORP,,,en,3
more than a thousand,more than a thousand,CARDINAL,,,en,3
'Digger','Digger',WORK_OF_ART,,,en,3
"August 27, 2026","August 27, 2026",DATE,,,en,3
Dricus du Plessis,Dricus du Plessis,EVENT,0.0562962962962963,0.06870370370370371,en,3
+1934,+1934,NORP,,,en,3
RAF Georgia,RAF Georgia,FAC,,,en,3
Weeks,Weeks,DATE,,,en,3
1979,1979,DATE,,,en,3
Lightweight Championship,Lightweight Championship,EVENT,,,en,3
month,month,DATE,,,en,3
Sa,Sa,WORK_OF_ART,,,en,3
Aug. 29,Aug. 29,DATE,,,en,3
Arrowhead Stadium,Arrowhead Stadium,FAC,,,en,3
the FIFA World Cup,the FIFA World Cup,EVENT,,,en,3
decades ago,decades ago,DATE,,,en,3
He Was Very Close To Being Arrested,He Was Very Close To Being Arrested,WORK_OF_ART,,,en,3
two days,two days,DATE,,,en,3
July 2027,July 2027,DATE,,,en,3
Netflix,Netflix,PRODUCT,,,en,3
the early 2000s,the early 2000s,DATE,,,en,3
the World Cup,the World Cup,EVENT,,,en,3
the calendar year,the calendar year,DATE,,,en,3
her week,her week,DATE,,,en,3
Heart of the Beast,Heart of the Beast,WORK_OF_ART,,,en,3
500,500,CARDINAL,,,en,3
International Airport,International Airport,FAC,,,en,3
The Ultimate Fighting Championship's,The Ultimate Fighting Championship's,LAW,,,en,3
Armenian,Armenian,NORP,,,en,3
Sept. 25,Sept. 25,DATE,,,en,3
last-minute,last-minute,TIME,,,en,3
Season 3,Season 3,DATE,,,en,3
$30 million,$30 million,MONEY,,,en,3
earlier this week,earlier this week,DATE,,,en,3
15-4,15-4,CARDINAL,,,en,3
Shoes: What's,Shoes: What's,WORK_OF_ART,,,en,3
Sept. 20,Sept. 20,DATE,,,en,3
Tonight Show,Tonight Show,WORK_OF_ART,,,en,3
a tough night,a tough night,TIME,,,en,3
$25 million,$25 million,MONEY,,,en,3
'Jimmy Kimmel Live,'Jimmy Kimmel Live,WORK_OF_ART,,,en,3
November 2024,November 2024,DATE,,,en,3
Fri,Fri,DATE,,,en,3
four years,four years,DATE,,,en,3
Nazi,Nazi,NORP,,,en,3
4 Years,4 Years,DATE,,,en,3
next month,next month,DATE,,,en,3
International Fight Week,International Fight Week,EVENT,,,en,3
25 pounds,25 pounds,QUANTITY,,,en,3
Summer,Summer,DATE,,,en,3
Sept. 1,Sept. 1,DATE,,,en,3
66,66,DATE,,,en,3
Swiftie,Swiftie,NORP,,,en,3
Mandarin,Mandarin,LANGUAGE,,,en,3
Israels,Israels,NORP,,,en,3
52,52,DATE,,,en,3
170 pounds,170 pounds,QUANTITY,,,en,3
Accor Arena,Accor Arena,FAC,,,en,3
Zero,Zero,CARDINAL,,,en,3
October 2,October 2,DATE,,,en,3
June 27,June 27,DATE,,,en,3
63,63,DATE,,,en,3
its 10th season,its 10th season,DATE,,,en,3
Crypto.com Arena,Crypto.com Arena,FAC,,,en,3
Just one week,Just one week,DATE,,,en,3
just 26 seconds,just 26 seconds,TIME,,,en,3
Iceman,Iceman,NORP,,,en,3
12 noon,12 noon,TIME,,,en,3
the morning of September 15,the morning of September 15,TIME,,,en,3
Stand Back,Stand Back,WORK_OF_ART,,,en,3
the Kennedy Center,the Kennedy Center,FAC,,,en,3
Dying for Sex,Dying for Sex,WORK_OF_ART,,,en,3
another season,another season,DATE,,,en,3
Fifties,Fifties,DATE,,,en,3
This Saturday,This Saturday,DATE,,,en,3
"Saturday, July 11","Saturday, July 11",DATE,,,en,3
July 16,July 16,DATE,,,en,3
season,season,DATE,,,en,3
two-year,two-year,DATE,,,en,3
late-night TV,late-night TV,TIME,,,en,3
"July 10, 2026","July 10, 2026",DATE,,,en,3
Kimmel Live,Kimmel Live,WORK_OF_ART,,,en,3
78th,78th,ORDINAL,,,en,3
Dancing With the Stars,Dancing With the Stars,WORK_OF_ART,,,en,3
daily,daily,DATE,,,en,3
bantamweight,bantamweight,WORK_OF_ART,,,en,3
View,View,WORK_OF_ART,,,en,3
week-long,week-long,DATE,,,en,3
This year,This year,DATE,,,en,3
Oscars,Oscars,PRODUCT,,,en,3
322,322,CARDINAL,,,en,3
the Iran war,the Iran war,EVENT,,,en,3
10th season,10th season,DATE,,,en,3
November 2025,November 2025,DATE,,,en,3
10 a.m.,10 a.m.,TIME,,,en,3
Tonight,Tonight,TIME,,,en,3
"Aug. 1, 2026","Aug. 1, 2026",DATE,,,en,3
Week 3,Week 3,DATE,,,en,3
Third,Third,ORDINAL,,,en,3
60,60,CARDINAL,,,en,3
Swedish,Swedish,NORP,,,en,3
nine,nine,CARDINAL,,,en,3
days,days,DATE,,,en,3
403,403,CARDINAL,,,en,3
KO,KO,WORK_OF_ART,,,en,3
0,0,CARDINAL,,,en,3
48-47,48-47,DATE,,,en,3
last Friday,last Friday,DATE,,,en,3
nearly four years',nearly four years',DATE,,,en,3
several minutes,several minutes,TIME,,,en,3
The Daily Show,The Daily Show,WORK_OF_ART,,,en,3
65,65,DATE,,,en,3
August 11,August 11,DATE,,,en,3
Makhachev,Makhachev,NORP,,,en,3
Nov. 14,Nov. 14,DATE,,,en,3
25 minutes,25 minutes,TIME,,,en,3
Palm Beach International Airport,Palm Beach International Airport,FAC,,,en,3
The Jennifer Hudson Show,The Jennifer Hudson Show,WORK_OF_ART,,,en,3
2011,2011,DATE,,,en,3
14-10,14-10,CARDINAL,,,en,3
British PM,British PM,FAC,,,en,3
season 10,season 10,DATE,,,en,3
the Day,the Day,DATE,,,en,3
July 31,July 31,DATE,,,en,3
122,122,CARDINAL,,,en,3
100k,100k,MONEY,,,en,3
2018,2018,DATE,,,en,3
Sunday evening,Sunday evening,TIME,,,en,3
July 18,July 18,DATE,,,en,3
one-year anniversary,one-year anniversary,DATE,,,en,3
Season 35,Season 35,DATE,,,en,3
10-1,10-1,CARDINAL,,,en,3
2009,2009,DATE,,,en,3
El Matador,El Matador,WORK_OF_ART,,,en,3
Life of a Showgirl,Life of a Showgirl,WORK_OF_ART,,,en,3
20-5,20-5,CARDINAL,,,en,3
the final season,the final season,DATE,,,en,3
the end of the month,the end of the month,DATE,,,en,3
this all week,this all week,DATE,,,en,3
just three,just three,CARDINAL,,,en,3
Earlier this week,Earlier this week,DATE,,,en,3
hours,hours,TIME,,,en,3
Pantoja 2,Pantoja 2,PRODUCT,,,en,3
38,38,CARDINAL,,,en,3
UFC Fight Night 287,UFC Fight Night 287,WORK_OF_ART,,,en,3
Thursday night,Thursday night,TIME,,,en,3
tens of thousands of dollars,tens of thousands of dollars,MONEY,,,en,3
just over 24 hours,just over 24 hours,TIME,,,en,3
Spider-Man:,Spider-Man:,WORK_OF_ART,,,en,3
the early hours,the early hours,TIME,,,en,3
countrys,countrys,NORP,,,en,3
Celts,Celts,NORP,,,en,2
Bengali,Bengali,NORP,,,en,2
decades-old,decades-old,DATE,,,en,2
"the 
Ultimate Fighting Championship flyweight","the 
Ultimate Fighting Championship flyweight",PRODUCT,,,en,2
just weeks,just weeks,DATE,,,en,2
Weekend Lock,Weekend Lock,WORK_OF_ART,,,en,2
40,40,DATE,,,en,2
October 24th,October 24th,DATE,,,en,2
"October 3rd, 2026","October 3rd, 2026",DATE,,,en,2
Recruiter’ Who Introduced Jeffrey Epstein,Recruiter’ Who Introduced Jeffrey Epstein,WORK_OF_ART,,,en,2
30,30,CARDINAL,,,en,2
"Saturday, July 25th","Saturday, July 25th",DATE,,,en,2
"Sept.
19","Sept.
19",DATE,,,en,2
The Notorious,The Notorious,WORK_OF_ART,,,en,2
Hunt,Hunt,WORK_OF_ART,,,en,2
the USS Abraham Lincoln,the USS Abraham Lincoln,PRODUCT,,,en,2
North American,North American,NORP,,,en,2
Ankalaev vs,Ankalaev vs,WORK_OF_ART,,,en,2
2001,2001,DATE,,,en,2
| September 14,| September 14,DATE,,,en,2
at least 30,at least 30,CARDINAL,,,en,2
205,205,CARDINAL,,,en,2
New Heights,New Heights,WORK_OF_ART,0.007846320346320344,0.1829004329004329,en,2
around 60,around 60,CARDINAL,,,en,2
205-pound,205-pound,CARDINAL,,,en,2
All In,All In,WORK_OF_ART,,,en,2
Twitter,Twitter,PRODUCT,,,en,2
"Oct. 24, 2026","Oct. 24, 2026",DATE,,,en,2
+1546 chars,+1546 chars,WORK_OF_ART,,,en,2
that day,that day,DATE,,,en,2
March of 2025,March of 2025,DATE,,,en,2
Season 5,Season 5,DATE,,,en,2
1997,1997,DATE,,,en,2
A day,A day,DATE,,,en,2
The Fearless,The Fearless,WORK_OF_ART,,,en,2
0.6 percentage,0.6 percentage,PERCENT,,,en,2
Games,Games,EVENT,,,en,2
"this Saturday, September 19","this Saturday, September 19",DATE,,,en,2
October 7th,October 7th,DATE,,,en,2
10 percent to 12.5 percent,10 percent to 12.5 percent,PERCENT,,,en,2
A few months ago,A few months ago,DATE,,,en,2
10 percent,10 percent,PERCENT,,,en,2
Regime Change: Inside the Imperial Presidency,Regime Change: Inside the Imperial Presidency,WORK_OF_ART,,,en,2
the Delta Center,the Delta Center,FAC,,,en,2
44,44,DATE,,,en,2
Summer Holiday ☀️,Summer Holiday ☀️,WORK_OF_ART,,,en,2
Leave Lightweight: Exclusive,Leave Lightweight: Exclusive,WORK_OF_ART,,,en,2
Spanish,Spanish,NORP,,,en,2
$110 billion,$110 billion,MONEY,,,en,2
May.,May.,DATE,-0.024999999999999994,0.7,en,2
Earlier this month,Earlier this month,DATE,,,en,2
10 days,10 days,DATE,,,en,2
Week 2,Week 2,DATE,,,en,2
Blessed,Blessed,WORK_OF_ART,,,en,2
Nearly 25 years,Nearly 25 years,DATE,,,en,2
5 a.m.,5 a.m.,TIME,,,en,2
early March 2024,early March 2024,DATE,,,en,2
ten,ten,CARDINAL,,,en,2
This past weekend,This past weekend,DATE,,,en,2
Sept,Sept,DATE,,,en,2
Cali,Cali,PRODUCT,,,en,2
217 acres,217 acres,QUANTITY,,,en,2
162,162,CARDINAL,,,en,2
Spider-Man,Spider-Man,WORK_OF_ART,,,en,2
Hugo,Hugo,EVENT,,,en,2
"more than 13,000","more than 13,000",CARDINAL,,,en,2
"Sept. 19, 2026 at Crypto.com Arena","Sept. 19, 2026 at Crypto.com Arena",DATE,,,en,2
39 years old,39 years old,DATE,,,en,2
155,155,CARDINAL,,,en,2
Sunday Night Football’ Specials,Sunday Night Football’ Specials,WORK_OF_ART,,,en,2
"All Comments 
","All Comments 
",WORK_OF_ART,,,en,2
this past June,this past June,DATE,,,en,2
Punchbowl News,Punchbowl News,WORK_OF_ART,,,en,2
a good week,a good week,DATE,,,en,2
more than four years,more than four years,DATE,,,en,2
this coming September,this coming September,DATE,,,en,2
Aug 9,Aug 9,DATE,,,en,2
Sept. 8,Sept. 8,DATE,,,en,2
75%,75%,PERCENT,,,en,2
her big week,her big week,DATE,,,en,2
+1069,+1069,NORP,,,en,2
310,310,CARDINAL,,,en,2
2005,2005,DATE,,,en,2
September 9,September 9,DATE,,,en,2
Sept 9,Sept 9,DATE,,,en,2
40 Years,40 Years,DATE,,,en,2
next month's,next month's,DATE,,,en,2
250th,250th,ORDINAL,,,en,2
+3260 chars,+3260 chars,WORK_OF_ART,,,en,2
Nomad,Nomad,WORK_OF_ART,,,en,2
fifty years,fifty years,DATE,,,en,2
Turki,Turki,NORP,,,en,2
$400m,$400m,MONEY,,,en,2
24-7,24-7,DATE,,,en,2
Jewish,Jewish,NORP,,,en,2
"View All Comments 
","View All Comments 
",WORK_OF_ART,,,en,2
Olympics,Olympics,EVENT,,,en,2
Aug 13,Aug 13,DATE,,,en,2
billions,billions,CARDINAL,,,en,2
month-long,month-long,DATE,,,en,2
mid-September,mid-September,DATE,,,en,2
$665 million,$665 million,MONEY,,,en,2
the second quarter of 2026,the second quarter of 2026,DATE,,,en,2
Paris,Paris,WORK_OF_ART,0.0006391347099311701,0.0029498525073746312,en,2
"Wednesday, Sept. 2","Wednesday, Sept. 2",DATE,,,en,2
50 years,50 years,DATE,,,en,2
155 pounds,155 pounds,QUANTITY,,,en,2
one week ago,one week ago,DATE,,,en,2
Fight,Fight,WORK_OF_ART,,,en,2
79,79,CARDINAL,,,en,2
October 31,October 31,DATE,,,en,2
Call Every Few Months,Call Every Few Months,WORK_OF_ART,,,en,2
+1141,+1141,NORP,,,en,2
$100 million,$100 million,MONEY,,,en,2
late-night Emmy,late-night Emmy,TIME,,,en,2
last November,last November,DATE,,,en,2
Contender Series Week 1,Contender Series Week 1,EVENT,,,en,2
some weeks,some weeks,DATE,,,en,2
Heavyweight,Heavyweight,PRODUCT,,,en,2
September 5,September 5,DATE,,,en,2
Season 10,Season 10,DATE,,,en,2
"Aug. 11, 2025","Aug. 11, 2025",DATE,,,en,2
this coming Saturday,this coming Saturday,DATE,,,en,2
Decades,Decades,WORK_OF_ART,,,en,2
2017,2017,DATE,,,en,2
"up to 20,000","up to 20,000",CARDINAL,,,en,2
"January 11, 2009","January 11, 2009",DATE,,,en,2
Annual Golden Globe Awards,Annual Golden Globe Awards,EVENT,,,en,2
66th,66th,ORDINAL,,,en,2
winter,winter,DATE,,,en,2
October 2026,October 2026,DATE,,,en,2
Sept. 4,Sept. 4,DATE,,,en,2
roughly two months,roughly two months,DATE,,,en,2
three-month,three-month,DATE,,,en,2
between August 1 and October 31,between August 1 and October 31,DATE,,,en,2
Landvetter airport,Landvetter airport,FAC,,,en,2
Labor Day weekend,Labor Day weekend,DATE,,,en,2
September 26,September 26,DATE,,,en,2
UFCFAN,UFCFAN,PRODUCT,,,en,2
this City of Brotherly Love,this City of Brotherly Love,EVENT,,,en,2
#1 pound,#1 pound,MONEY,,,en,2
$17 billion,$17 billion,MONEY,,,en,2
recent months,recent months,DATE,,,en,2
"4,725","4,725",CARDINAL,,,en,2
11 days,11 days,DATE,,,en,2
+2338,+2338,NORP,,,en,2
last Saturday,last Saturday,DATE,,,en,2
15 August,15 August,DATE,,,en,2
Mission:,Mission:,WORK_OF_ART,,,en,2
the Tonight Show,the Tonight Show,WORK_OF_ART,,,en,2
the 2026 World Cup,the 2026 World Cup,EVENT,,,en,2
Ink,Ink,WORK_OF_ART,,,en,2
this afternoon,this afternoon,TIME,,,en,2
the Ethiad Arena,the Ethiad Arena,FAC,,,en,2
20 years,20 years,DATE,,,en,2
these days,these days,DATE,,,en,2
Lowbrow,Lowbrow,WORK_OF_ART,,,en,2
the XFinity Mobile Arena,the XFinity Mobile Arena,FAC,,,en,2
The Cannibal,The Cannibal,WORK_OF_ART,,,en,2
Jimmy Fallon,Jimmy Fallon,WORK_OF_ART,,,en,2
"Tuesday, September 15th","Tuesday, September 15th",DATE,,,en,2
Nearly half,Nearly half,CARDINAL,,,en,2
"an extra $50,000","an extra $50,000",MONEY,,,en,2
50,50,MONEY,,,en,2
2010,2010,DATE,,,en,2
many years,many years,DATE,,,en,2
170-pound,170-pound,CARDINAL,,,en,2
just months,just months,DATE,,,en,2
62,62,DATE,,,en,2
John Pork,John Pork,WORK_OF_ART,,,en,2
TODAY,TODAY,DATE,,,en,2
roughly 59,roughly 59,CARDINAL,,,en,2
April,April,DATE,,,en,2
Debut,Debut,WORK_OF_ART,,,en,2
10%,10%,PERCENT,,,en,2
afternoon,afternoon,TIME,,,en,2
a Light Heavyweight,a Light Heavyweight,WORK_OF_ART,,,en,2
globalist,globalist,NORP,,,en,2
9 a.m.,9 a.m.,TIME,,,en,2
Abu DhabiUFC.com UFC Fight Night,Abu DhabiUFC.com UFC Fight Night,PRODUCT,,,en,2
"21,000","21,000",MONEY,,,en,2
ALCOM,ALCOM,PRODUCT,,,en,2
eighth,eighth,ORDINAL,,,en,2
2.60,2.60,MONEY,,,en,2
about 2.25,about 2.25,CARDINAL,,,en,2
100K.,100K.,MONEY,,,en,2
Top Gun,Top Gun,WORK_OF_ART,,,en,2
Monday evening,Monday evening,TIME,,,en,2
+2176,+2176,NORP,,,en,2
"roughly 600,000","roughly 600,000",CARDINAL,,,en,2
last December,last December,DATE,,,en,2
The Last Word,The Last Word,WORK_OF_ART,,,en,2
New Day,New Day,EVENT,,,en,2
host to an night,host to an night,TIME,,,en,2
a disastrous 2025 season,a disastrous 2025 season,DATE,,,en,2
13U,13U,CARDINAL,,,en,2
14U,14U,CARDINAL,,,en,2
last summer,last summer,DATE,,,en,2
more than 12 years,more than 12 years,DATE,,,en,2
"this past Friday (July 31, 2026","this past Friday (July 31, 2026",DATE,,,en,2
this August,this August,DATE,,,en,2
the coming days,the coming days,DATE,,,en,2
Briton,Briton,NORP,,,en,2
"PFL
MMA
","PFL
MMA
",PRODUCT,,,en,2
more than a dozen,more than a dozen,CARDINAL,,,en,2
Sorry That Our Country Is,Sorry That Our Country Is,WORK_OF_ART,,,en,2
four-year,four-year,DATE,,,en,2
60th,60th,ORDINAL,,,en,2
"Aug. 14, 2026","Aug. 14, 2026",DATE,,,en,2
Later tonight,Later tonight,TIME,,,en,2
RAF 13,RAF 13,FAC,,,en,2
Lightweight World Championship,Lightweight World Championship,EVENT,,,en,2
102,102,CARDINAL,,,en,2
Monday Night Football,Monday Night Football,WORK_OF_ART,,,en,2
more than six,more than six,CARDINAL,,,en,2
this past Saturday's,this past Saturday's,DATE,,,en,2
UFC 330,UFC 330,WORK_OF_ART,,,en,2
This past Saturday,This past Saturday,DATE,,,en,2
title bout,title bout,EVENT,,,en,2
4th,4th,ORDINAL,,,en,2
two-day,two-day,DATE,,,en,2
March,March,DATE,,,en,2
+2252 chars,+2252 chars,WORK_OF_ART,,,en,2
"-10,000","-10,000",CARDINAL,,,en,2
"August 1, 2026","August 1, 2026",DATE,,,en,2
roughly $21 million,roughly $21 million,MONEY,,,en,2
Looking Forward to Hanging Out,Looking Forward to Hanging Out,WORK_OF_ART,,,en,2
"Saturday, September 12","Saturday, September 12",DATE,,,en,2
Each week,Each week,DATE,,,en,2
yearly,yearly,DATE,,,en,2
Emmy Predictions,Emmy Predictions,WORK_OF_ART,,,en,2
Friday July 31,Friday July 31,DATE,,,en,2
FIRST,FIRST,ORDINAL,,,en,2
Trump for Her TV Comeback,Trump for Her TV Comeback,WORK_OF_ART,,,en,2
3.5 acres,3.5 acres,QUANTITY,,,en,2
10 July,10 July,DATE,,,en,2
Poatan,Poatan,WORK_OF_ART,,,en,2
the Odeon Leicester Square,the Odeon Leicester Square,FAC,,,en,2
Do We Have to Just Dwell on This Forever,Do We Have to Just Dwell on This Forever,WORK_OF_ART,,,en,2
Interview With the Vampire,Interview With the Vampire,WORK_OF_ART,,,en,2
less than an hour,less than an hour,TIME,,,en,2
The Baddy,The Baddy,WORK_OF_ART,,,en,2
"more than 100,000","more than 100,000",CARDINAL,,,en,2
The Graham Norton Show,The Graham Norton Show,WORK_OF_ART,,,en,2
Patient Zero’ Music Video Teaser,Patient Zero’ Music Video Teaser,WORK_OF_ART,,,en,2
Pop-Tarts,Pop-Tarts,PRODUCT,,,en,2
less than a minute,less than a minute,TIME,,,en,2
Stayed Naked’,Stayed Naked’,WORK_OF_ART,,,en,2
Set Between Nude,Set Between Nude,WORK_OF_ART,,,en,2
"Aug., 29, 2026","Aug., 29, 2026",DATE,,,en,2
"this Sunday, September 27","this Sunday, September 27",DATE,,,en,2
77,77,DATE,,,en,2
ninth,ninth,ORDINAL,,,en,2
36 seconds,36 seconds,TIME,,,en,2
Top Gun: Maverick,Top Gun: Maverick,WORK_OF_ART,,,en,2
the last few years,the last few years,DATE,,,en,2
Tuscan,Tuscan,NORP,,,en,2
Newsmax Host Deletes,Newsmax Host Deletes,WORK_OF_ART,,,en,2
You’re Eating the Sh*t,You’re Eating the Sh*t,WORK_OF_ART,,,en,2
Roll Music,Roll Music,WORK_OF_ART,,,en,2
the Spirit Tunnel,the Spirit Tunnel,FAC,,,en,2
just minutes,just minutes,TIME,,,en,2
a few feet,a few feet,QUANTITY,,,en,2
all day,all day,DATE,,,en,2
Halloween,Halloween,DATE,,,en,2
Far Extreme of the Left,Far Extreme of the Left,WORK_OF_ART,,,en,2
Middle Eastern,Middle Eastern,NORP,,,en,2
American Humor,American Humor,WORK_OF_ART,,,en,2
Emmys Comedy Category,Emmys Comedy Category,FAC,,,en,2
3 a.m.,3 a.m.,TIME,,,en,2
Just days ago,Just days ago,DATE,,,en,2
Fluffy,Fluffy,WORK_OF_ART,,,en,2
just 28 years old,just 28 years old,DATE,,,en,2
"1,500","1,500",MONEY,,,en,2
65 Billion Barrels,65 Billion Barrels,QUANTITY,,,en,2
Robocop,Robocop,WORK_OF_ART,,,en,2
2minutesThe,2minutesThe,CARDINAL,,,en,2
Sleepy Hollow,Sleepy Hollow,PRODUCT,,,en,2
Babylon,Babylon,PRODUCT,,,en,2
midnight,midnight,TIME,,,en,2
'Brave Gorgeous Misfire' Gets Very Mixed First Reactions,'Brave Gorgeous Misfire' Gets Very Mixed First Reactions,WORK_OF_ART,,,en,2
'The Life of a Showgirl','The Life of a Showgirl',WORK_OF_ART,,,en,2
March 2023,March 2023,DATE,,,en,2
13 years,13 years,DATE,,,en,2
Spirit Tunnel,Spirit Tunnel,FAC,,,en,2
Goze,Goze,WORK_OF_ART,,,en,2
a ton,a ton,QUANTITY,,,en,2
+1874 chars,+1874 chars,WORK_OF_ART,,,en,2
Georgian,Georgian,NORP,,,en,2
the Year,the Year,DATE,,,en,2
the Shanghai Oriental Sports Center,the Shanghai Oriental Sports Center,FAC,,,en,2
2014,2014,DATE,,,en,2
Secret Fashion Show,Secret Fashion Show,EVENT,,,en,2
the year earlier,the year earlier,DATE,,,en,2
Flower Bouquet,Flower Bouquet,WORK_OF_ART,,,en,2
11507,11507,CARDINAL,,,en,2
UFC Fight Night 286,UFC Fight Night 286,WORK_OF_ART,,,en,2
10 years next week,10 years next week,DATE,,,en,2
"Thursday, July 16","Thursday, July 16",DATE,,,en,2
Super Bowl,Super Bowl,EVENT,,,en,2
8.3M,8.3M,QUANTITY,,,en,2
6.5,6.5,CARDINAL,,,en,2
their products days,their products days,DATE,,,en,2
$4.6 million,$4.6 million,MONEY,,,en,2
"200,000","200,000",MONEY,,,en,2
The Contender Series,The Contender Series,EVENT,,,en,2
the Rocket Arena,the Rocket Arena,FAC,,,en,2
1977,1977,DATE,,,en,2
20 July,20 July,DATE,,,en,2
12x,12x,CARDINAL,,,en,2
the last two and a half decades,the last two and a half decades,DATE,,,en,2
later TONIGHT,later TONIGHT,TIME,,,en,2
July 9,July 9,DATE,,,en,2
Featherweight,Featherweight,PRODUCT,,,en,2
Hot Ones,Hot Ones,WORK_OF_ART,,,en,2
October 2025,October 2025,DATE,,,en,2
15 minutes,15 minutes,TIME,,,en,2
European,European,NORP,,,en,2
285,285,CARDINAL,,,en,2
Tories,Tories,NORP,,,en,2
the Video of,the Video of,FAC,,,en,2
Promotional Guidelines Compliance,Promotional Guidelines Compliance,LAW,,,en,2
Rocky,Rocky,FAC,,,en,2
Read Full Article,Read Full Article,WORK_OF_ART,,,en,2
just days,just days,DATE,,,en,2
"more than 1,000","more than 1,000",CARDINAL,,,en,2
5 p.m.,5 p.m.,TIME,,,en,2
The Steps,The Steps,WORK_OF_ART,,,en,2
Bollywood,Bollywood,NORP,,,en,2
"Saturday, August 22","Saturday, August 22",DATE,,,en,2
Arab,Arab,NORP,,,en,2
Thousands,Thousands,CARDINAL,,,en,2
"Wednesday, July 8","Wednesday, July 8",DATE,,,en,2
A week later,A week later,DATE,,,en,2
Highgrove House,Highgrove House,FAC,,,en,2
1989,1989,DATE,,,en,2
80 last month,80 last month,DATE,,,en,2
his first weeks,his first weeks,DATE,,,en,2
Conservatives,Conservatives,NORP,,,en,2
thirteen years,thirteen years,DATE,,,en,2
six weeks,six weeks,DATE,,,en,2
the Second Amendment,the Second Amendment,LAW,,,en,2
10 pm PT,10 pm PT,TIME,,,en,2
a single day,a single day,DATE,,,en,2
seconds,seconds,TIME,,,en,2
The Odyssey,The Odyssey,WORK_OF_ART,,,en,2
1996,1996,DATE,,,en,2
eight pounds,eight pounds,QUANTITY,,,en,2
65 BILLION barrels,65 BILLION barrels,QUANTITY,,,en,2
About five years,About five years,DATE,,,en,2
Ruined Music,Ruined Music,WORK_OF_ART,,,en,2
Apotheosis of Mediocrity,Apotheosis of Mediocrity,WORK_OF_ART,,,en,2
ONE,ONE,CARDINAL,,,en,2
Makha,Makha,LANGUAGE,,,en,2
"May 16, 2026","May 16, 2026",DATE,,,en,2
Nearly two months ago,Nearly two months ago,DATE,,,en,2
Hitman,Hitman,WORK_OF_ART,,,en,2
$2.1 billion,$2.1 billion,MONEY,,,en,2
Three decades,Three decades,DATE,,,en,2
Interview with the Vampire,Interview with the Vampire,WORK_OF_ART,,,en,2
01,01,CARDINAL,,,en,2
TOMORROW MORNING,TOMORROW MORNING,TIME,,,en,2
all week,all week,DATE,,,en,2
Off Campus’ Love,Off Campus’ Love,WORK_OF_ART,,,en,2
"Friday, July 10","Friday, July 10",DATE,,,en,2
Consentless,Consentless,WORK_OF_ART,,,en,2
three months,three months,DATE,,,en,2
10 days ago,10 days ago,DATE,,,en,2
weeklong,weeklong,DATE,,,en,2
Hokit,Hokit,NORP,-0.08,0.27999999999999997,en,2
Soviet,Soviet,NORP,,,en,2
Less than a week,Less than a week,DATE,,,en,2
Odyssey,Odyssey,PRODUCT,,,en,2
second-half,second-half,DATE,,,en,2
Dutch,Dutch,NORP,,,en,2
Iran War,Iran War,EVENT,,,en,2
a previous Days,a previous Days,DATE,,,en,2
October 2023,October 2023,DATE,,,en,2
Chaos,Chaos,WORK_OF_ART,,,en,2
$11 million,$11 million,MONEY,,,en,2
one year,one year,DATE,,,en,2
Christmas Day,Christmas Day,DATE,,,en,2
80,80,DATE,,,en,2
2 p.m.,2 p.m.,TIME,,,en,2
Club Random,Club Random,WORK_OF_ART,,,en,2
Six,Six,CARDINAL,,,en,2
"16,188","16,188",CARDINAL,,,en,2
$2.2 billion,$2.2 billion,MONEY,,,en,2
38 years old,38 years old,DATE,,,en,2
Sunshine Protection Act,Sunshine Protection Act,LAW,,,en,2
Aug 27,Aug 27,DATE,,,en,2
The Future,The Future,WORK_OF_ART,,,en,2
Years,Years,DATE,,,en,2
"the 
Ultimate","the 
Ultimate",WORK_OF_ART,,,en,2
Misfits,Misfits,NORP,,,en,2
Sunshine State,Sunshine State,WORK_OF_ART,,,en,2
Fight Night OKC,Fight Night OKC,WORK_OF_ART,,,en,2
a week ago,a week ago,DATE,,,en,2
Fight Night 282 at Etihad Arena,Fight Night 282 at Etihad Arena,WORK_OF_ART,,,en,2
Dem,Dem,NORP,,,en,2
Cole,Cole,PRODUCT,,,en,2
the spring,the spring,DATE,,,en,2
More than 35 years later,More than 35 years later,DATE,,,en,2
251,251,CARDINAL,,,en,2
56th,56th,ORDINAL,,,en,2
At the End of the World,At the End of the World,WORK_OF_ART,,,en,2
The KungFu Kid,The KungFu Kid,WORK_OF_ART,,,en,2
"25,000","25,000",MONEY,,,en,2
Prelims Card Start Time,Prelims Card Start Time,WORK_OF_ART,,,en,2
daytime,daytime,TIME,,,en,2
Chapter 1,Chapter 1,LAW,,,en,2
The City of Angels,The City of Angels,WORK_OF_ART,,,en,2
over a decade,over a decade,DATE,,,en,2
July 7,July 7,DATE,,,en,2
"over 2,000","over 2,000",CARDINAL,,,en,2
49,49,DATE,,,en,2
A week,A week,DATE,,,en,2
just 10 days,just 10 days,DATE,,,en,2
Etihad Arena on Fight Island,Etihad Arena on Fight Island,EVENT,,,en,2
The years,The years,DATE,,,en,2
Gods and Monsters,Gods and Monsters,WORK_OF_ART,,,en,2
The summer holidays,The summer holidays,DATE,,,en,2
"Thursday, September 17","Thursday, September 17",DATE,,,en,2
Last month,Last month,DATE,,,en,2
1811,1811,DATE,,,en,2
World News Tonight,World News Tonight,WORK_OF_ART,,,en,2
just a few days,just a few days,DATE,,,en,2
Lanterns,Lanterns,WORK_OF_ART,,,en,2
the Sunshine Protection Act,the Sunshine Protection Act,LAW,,,en,2
Technicality,Technicality,WORK_OF_ART,,,en,2
the past several weeks,the past several weeks,DATE,,,en,2
Bundeswehr,Bundeswehr,NORP,,,en,2
Uzbek,Uzbek,NORP,,,en,2
the age of 80,the age of 80,DATE,,,en,2
Tuesday night,Tuesday night,TIME,,,en,2
Prestige,Prestige,PRODUCT,,,en,2
Real Time,Real Time,WORK_OF_ART,,,en,2
Nov. 3,Nov. 3,DATE,,,en,2
74 years,74 years,DATE,,,en,2
90,90,MONEY,,,en,2
What a Turn of Events,What a Turn of Events,WORK_OF_ART,,,en,2
Social Democrats,Social Democrats,NORP,,,en,2
Royal Lodge,Royal Lodge,FAC,,,en,2
the 2026 FIFA World Cup,the 2026 FIFA World Cup,EVENT,,,en,2
last year's,last year's,DATE,,,en,2
Super Bowl to World Cup,Super Bowl to World Cup,EVENT,,,en,2
Two days later,Two days later,DATE,,,en,2
"August 20, 2026","August 20, 2026",DATE,,,en,2
Fight Night 281,Fight Night 281,WORK_OF_ART,,,en,2
Hacks,Hacks,WORK_OF_ART,,,en,2
The Pitt,The Pitt,WORK_OF_ART,,,en,2
12 years,12 years,DATE,,,en,2
The Incredible Hulk,The Incredible Hulk,WORK_OF_ART,,,en,2
'His Knee is F--ked Up,'His Knee is F--ked Up,WORK_OF_ART,,,en,2
just hours,just hours,TIME,,,en,2
180,180,MONEY,,,en,2
six-hour,six-hour,TIME,,,en,2
an inch,an inch,QUANTITY,,,en,2
"Tuesday, Sept. 22","Tuesday, Sept. 22",DATE,,,en,2
later this week,later this week,DATE,,,en,2
the Future of ‘Last Week Tonight,the Future of ‘Last Week Tonight,WORK_OF_ART,,,en,2
22-7,22-7,CARDINAL,,,en,2
Greek,Greek,NORP,,,en,2
379,379,CARDINAL,,,en,2
as little as $8M to $12M,as little as $8M to $12M,MONEY,,,en,2
the South Lawn,the South Lawn,FAC,,,en,2
One week,One week,DATE,,,en,2
Just one day,Just one day,DATE,,,en,2
Bullied,Bullied,WORK_OF_ART,,,en,2
a few days ago,a few days ago,DATE,,,en,2
the upcoming Days,the upcoming Days,DATE,,,en,2
Leicester Square Gardens,Leicester Square Gardens,FAC,,,en,2
June 2025,June 2025,DATE,,,en,2
25,25,CARDINAL,,,en,2
1.87 million,1.87 million,CARDINAL,,,en,2
democrat,democrat,NORP,,,en,2
On Balance With Leland Vittert,On Balance With Leland Vittert,WORK_OF_ART,,,en,2
Dricus Du Plessis,Dricus Du Plessis,EVENT,-0.08425925925925926,0.175,en,2
698,698,MONEY,,,en,2
Hebrew,Hebrew,LANGUAGE,,,en,2
the Week,the Week,DATE,,,en,2
every day,every day,DATE,,,en,2
Forbes Newsroom,Forbes Newsroom,WORK_OF_ART,,,en,2
age 23,age 23,DATE,,,en,2
tenth,tenth,ORDINAL,,,en,2
$10 Bonus,$10 Bonus,MONEY,,,en,2
135 lbs,135 lbs,QUANTITY,,,en,2
BAFTA,BAFTA,EVENT,,,en,2
more than six minutes,more than six minutes,TIME,,,en,2
the 1980s,the 1980s,DATE,,,en,2
170 pound,170 pound,QUANTITY,,,en,2
BAFTA: Life in Pictures,BAFTA: Life in Pictures,WORK_OF_ART,,,en,2
the end of the day,the end of the day,DATE,,,en,2
331 KO,331 KO,PRODUCT,,,en,2
329 Fight Night,329 Fight Night,WORK_OF_ART,,,en,2
Bamm-Bamm Rubble,Bamm-Bamm Rubble,FAC,,,en,2
at least a year,at least a year,DATE,,,en,2
Kimmel,Kimmel,WORK_OF_ART,,,en,2
Next month,Next month,DATE,,,en,2
Yesterday,Yesterday,DATE,,,en,2
"Sunday, September 20","Sunday, September 20",DATE,,,en,2
the Christian Democrats,the Christian Democrats,NORP,,,en,2
2206,2206,CARDINAL,,,en,2
Transient Global Amnesia,Transient Global Amnesia,WORK_OF_ART,,,en,2
10 Years,10 Years,DATE,,,en,2
Italian,Italian,NORP,,,en,2
| Hooker,| Hooker,DATE,,,en,1
"this Saturday, Sept. 5","this Saturday, Sept. 5",DATE,,,en,1
the past seven days,the past seven days,DATE,,,en,1
10th,10th,ORDINAL,,,en,1
+1891 chars,+1891 chars,WORK_OF_ART,,,en,1
1st,1st,ORDINAL,,,en,1
Tuesdays,Tuesdays,DATE,,,en,1
Japanese,Japanese,NORP,,,en,1
300K.,300K.,MONEY,,,en,1
Late Night Replacement Is Already Getting Big Wins Vs,Late Night Replacement Is Already Getting Big Wins Vs,WORK_OF_ART,,,en,1
the White Hous,the White Hous,FAC,,,en,1
Donald Trump‘s,Donald Trump‘s,PRODUCT,,,en,1
$2 million,$2 million,MONEY,,,en,1
Lake Ontario ',Lake Ontario ',FAC,,,en,1
the WNBA Culture War Factor Into Ratings,the WNBA Culture War Factor Into Ratings,EVENT,,,en,1
the 23 pounds,the 23 pounds,QUANTITY,,,en,1
the Flyweight Championship,the Flyweight Championship,EVENT,,,en,1
"Wednesday, Aug. 26, 2026","Wednesday, Aug. 26, 2026",DATE,,,en,1
Weekly,Weekly,DATE,,,en,1
32-10,32-10,CARDINAL,,,en,1
UFC Fight Night 28,UFC Fight Night 28,WORK_OF_ART,,,en,1
Earlier in the day,Earlier in the day,TIME,,,en,1
Mir,Mir,FAC,,,en,1
"Monday, September 14","Monday, September 14",DATE,,,en,1
Tuesday nights,Tuesday nights,DATE,,,en,1
"Monday, August 24ths","Monday, August 24ths",DATE,,,en,1
roughly 4 million barrels,roughly 4 million barrels,QUANTITY,,,en,1
December this year,December this year,DATE,,,en,1
81st,81st,ORDINAL,,,en,1
September 8,September 8,DATE,,,en,1
The last year,The last year,DATE,,,en,1
+2370 chars,+2370 chars,WORK_OF_ART,,,en,1
the end of The Late Show,the end of The Late Show,DATE,,,en,1
August 25th,August 25th,DATE,,,en,1
1983,1983,DATE,,,en,1
Daisy Chain Fields,Daisy Chain Fields,WORK_OF_ART,,,en,1
The Greatest Show,The Greatest Show,WORK_OF_ART,,,en,1
Documentary Finally Gets Release Date,Documentary Finally Gets Release Date,WORK_OF_ART,,,en,1
Out Of The Vault,Out Of The Vault,WORK_OF_ART,,,en,1
last… Last year,last… Last year,DATE,,,en,1
$5.35 Million,$5.35 Million,MONEY,,,en,1
"Makha… View All Comments 
","Makha… View All Comments 
",EVENT,,,en,1
The War and Peace Report,The War and Peace Report,EVENT,,,en,1
The Daily Show',The Daily Show',WORK_OF_ART,,,en,1
+3096 chars,+3096 chars,WORK_OF_ART,,,en,1
at least several months,at least several months,DATE,,,en,1
the ninth season,the ninth season,DATE,,,en,1
+8810,+8810,NORP,,,en,1
all-American,all-American,NORP,,,en,1
the past month,the past month,DATE,,,en,1
months-long,months-long,DATE,,,en,1
Iran war,Iran war,EVENT,,,en,1
$285 billion,$285 billion,MONEY,,,en,1
Strait of HormuzPresident Donald Trump,Strait of HormuzPresident Donald Trump,PRODUCT,,,en,1
Fragility' Toward Late Night,Fragility' Toward Late Night,WORK_OF_ART,,,en,1
Rookie,Rookie,WORK_OF_ART,,,en,1
October 2022,October 2022,DATE,,,en,1
Late Show,Late Show,WORK_OF_ART,,,en,1
​talks,​talks,DATE,,,en,1
+1142,+1142,NORP,,,en,1
only a few months,only a few months,DATE,,,en,1
"162,000","162,000",CARDINAL,,,en,1
+1946 chars,+1946 chars,WORK_OF_ART,,,en,1
August 27,August 27,DATE,,,en,1
$500 million,$500 million,MONEY,,,en,1
up to $500 million,up to $500 million,MONEY,,,en,1
monthly,monthly,DATE,,,en,1
autum,autum,DATE,,,en,1
+1832 chars,+1832 chars,WORK_OF_ART,,,en,1
late-night hos,late-night hos,TIME,,,en,1
Hall of Famer,Hall of Famer,WORK_OF_ART,,,en,1
"July 24, 2026","July 24, 2026",DATE,,,en,1
Days of Thunder,Days of Thunder,WORK_OF_ART,,,en,1
Sequel Set,Sequel Set,WORK_OF_ART,,,en,1
June 2028,June 2028,DATE,,,en,1
a 'Days of Thunder',a 'Days of Thunder',DATE,,,en,1
"June 2, 2028","June 2, 2028",DATE,,,en,1
Top Gun Maverick,Top Gun Maverick,WORK_OF_ART,,,en,1
Just hours,Just hours,TIME,,,en,1
Four Months,Four Months,DATE,,,en,1
West Side,West Side,FAC,,,en,1
more than one,more than one,CARDINAL,,,en,1
+1917 chars,+1917 chars,WORK_OF_ART,,,en,1
Fight Night Shanghai,Fight Night Shanghai,WORK_OF_ART,,,en,1
Nearly two months,Nearly two months,DATE,,,en,1
Madison Square,Madison Square,FAC,,,en,1
+11958,+11958,NORP,,,en,1
Late-night AI,Late-night AI,TIME,,,en,1
+3022,+3022,CARDINAL,,,en,1
‘Days Of,‘Days Of,DATE,,,en,1
30th season,30th season,DATE,,,en,1
"August 29, 2026","August 29, 2026",DATE,,,en,1
Oriental Sports Center,Oriental Sports Center,FAC,,,en,1
the last few hours,the last few hours,TIME,,,en,1
a morning,a morning,TIME,,,en,1
Mission: Impossible,Mission: Impossible,WORK_OF_ART,,,en,1
"August
29, 2026","August
29, 2026",DATE,,,en,1
just four months,just four months,DATE,,,en,1
close to nine years,close to nine years,DATE,,,en,1
Venezuela Oil Deal,Venezuela Oil Deal,FAC,,,en,1
more than 65,more than 65,CARDINAL,,,en,1
Fight Night Shanghai Results,Fight Night Shanghai Results,WORK_OF_ART,,,en,1
a good night,a good night,TIME,,,en,1
+4165 chars,+4165 chars,WORK_OF_ART,,,en,1
155-pound,155-pound,CARDINAL,,,en,1
over 310 days,over 310 days,DATE,,,en,1
almost a decade,almost a decade,DATE,,,en,1
the 2026-27 season,the 2026-27 season,DATE,,,en,1
Deteriorata,Deteriorata,WORK_OF_ART,,,en,1
KONews.com.au,KONews.com.au,NORP,,,en,1
Nationalists,Nationalists,NORP,,,en,1
$4.3 billion,$4.3 billion,MONEY,,,en,1
overnight,overnight,TIME,,,en,1
+5050 chars,+5050 chars,WORK_OF_ART,,,en,1
305,305,PRODUCT,,,en,1
the busiest months,the busiest months,DATE,,,en,1
Days Of Thunder,Days Of Thunder,EVENT,,,en,1
Star,Star,WORK_OF_ART,,,en,1
August 29,August 29,DATE,,,en,1
Usmans,Usmans,NORP,,,en,1
App,App,PRODUCT,,,en,1
15 Pounds,15 Pounds,QUANTITY,,,en,1
"Saturday, September 5","Saturday, September 5",DATE,,,en,1
Mission: Impossible — The Final Reckoning,Mission: Impossible — The Final Reckoning,WORK_OF_ART,,,en,1
'90s,'90s,DATE,,,en,1
‘Days of Thunder 2,‘Days of Thunder 2,DATE,,,en,1
his 15 years,his 15 years,DATE,,,en,1
Oct. 16,Oct. 16,DATE,,,en,1
Titans,Titans,NORP,,,en,1
I Think It’s Awesome,I Think It’s Awesome,WORK_OF_ART,,,en,1
A Crack In The Dagestan Dominance,A Crack In The Dagestan Dominance,WORK_OF_ART,,,en,1
‘Days of Thunder,‘Days of Thunder,DATE,,,en,1
Sequel In Problematic Diatribe,Sequel In Problematic Diatribe,WORK_OF_ART,,,en,1
Lightweight Champion,Lightweight Champion,PRODUCT,,,en,1
Paramount‘s $111 billion,Paramount‘s $111 billion,MONEY,,,en,1
$111 billion,$111 billion,MONEY,,,en,1
a Great Lake,a Great Lake,FAC,,,en,1
2026 Season,2026 Season,DATE,,,en,1
Knockout of the Month for August: An upset Song,Knockout of the Month for August: An upset Song,WORK_OF_ART,,,en,1
the Month,the Month,DATE,,,en,1
+3031 chars],+3031 chars],WORK_OF_ART,,,en,1
at least 5,at least 5,CARDINAL,,,en,1
Week 4,Week 4,DATE,,,en,1
the Bantamweight Rankings,the Bantamweight Rankings,WORK_OF_ART,,,en,1
'Ink,'Ink,WORK_OF_ART,,,en,1
sixty-five billion barrels,sixty-five billion barrels,QUANTITY,,,en,1
VeniceFilm Festival,VeniceFilm Festival,EVENT,,,en,1
Son of a Sinner,Son of a Sinner,WORK_OF_ART,,,en,1
08/28/2026 6:22:11 AM PDT,08/28/2026 6:22:11 AM PDT,TIME,,,en,1
SAO PAULO,SAO PAULO,WORK_OF_ART,,,en,1
I Am Woman,I Am Woman,WORK_OF_ART,,,en,1
Trump Attacks,Trump Attacks,WORK_OF_ART,,,en,1
Jimmy Kimmell Live,Jimmy Kimmell Live,WORK_OF_ART,,,en,1
just two years later,just two years later,DATE,,,en,1
1987,1987,DATE,,,en,1
Slovenian,Slovenian,NORP,,,en,1
16 years old,16 years old,DATE,,,en,1
just 16 years old,just 16 years old,DATE,,,en,1
42,42,DATE,,,en,1
30lbs,30lbs,CARDINAL,,,en,1
September 3,September 3,DATE,,,en,1
Manipulate Trump,Manipulate Trump,WORK_OF_ART,,,en,1
"May 31, 2026","May 31, 2026",DATE,,,en,1
Lake Am,Lake Am,FAC,,,en,1
almost two decades,almost two decades,DATE,,,en,1
his days,his days,DATE,,,en,1
Iran War Hits,Iran War Hits,EVENT,,,en,1
"Wednesday, August 26","Wednesday, August 26",DATE,,,en,1
+1859,+1859,NORP,,,en,1
Wheaties Box,Wheaties Box,WORK_OF_ART,,,en,1
"Thursday, Aug. 27, 2026","Thursday, Aug. 27, 2026",DATE,,,en,1
his final night,his final night,TIME,,,en,1
the Grammy Awards,the Grammy Awards,EVENT,,,en,1
Hollywood Family,Hollywood Family,WORK_OF_ART,,,en,1
"Thursday, Sept. 3, 2026","Thursday, Sept. 3, 2026",DATE,,,en,1
6 Months,6 Months,DATE,,,en,1
+1763,+1763,CARDINAL,,,en,1
nearly a year,nearly a year,DATE,,,en,1
late August,late August,DATE,,,en,1
the month,the month,DATE,,,en,1
Corinthian,Corinthian,NORP,,,en,1
‘Jimmy Kimmel Live,‘Jimmy Kimmel Live,WORK_OF_ART,,,en,1
"August 28, 2026","August 28, 2026",DATE,,,en,1
Iranians,Iranians,NORP,,,en,1
Straight Shooter,Straight Shooter,WORK_OF_ART,,,en,1
+1100 chars,+1100 chars,WORK_OF_ART,,,en,1
Modi-Pezeshkian,Modi-Pezeshkian,NORP,,,en,1
08/28/2026 3:55:21 PM PDT,08/28/2026 3:55:21 PM PDT,TIME,,,en,1
Trumps Mar-a-L…,Trumps Mar-a-L…,FAC,,,en,1
Mar-a-Lago,Mar-a-Lago,DATE,,,en,1
08/28/2026 4:12:24 PM PDT,08/28/2026 4:12:24 PM PDT,TIME,,,en,1
Pentagon,Pentagon,FAC,,,en,1
almost nine months,almost nine months,DATE,,,en,1
Venezuelan,Venezuelan,NORP,,,en,1
Trillion-Dollar,Trillion-Dollar,MONEY,,,en,1
Daily Open,Daily Open,WORK_OF_ART,,,en,1
Meet the Press,Meet the Press,WORK_OF_ART,,,en,1
Strongest Possible” Objections,Strongest Possible” Objections,WORK_OF_ART,,,en,1
Irans,Irans,NORP,,,en,1
the Oriental Sports Center,the Oriental Sports Center,FAC,,,en,1
"Wednesday, Sept. 2, 2026","Wednesday, Sept. 2, 2026",DATE,,,en,1
the mere two weeks,the mere two weeks,DATE,,,en,1
the week of Aug. 17,the week of Aug. 17,DATE,,,en,1
about 200 miles,about 200 miles,QUANTITY,,,en,1
08/28/2026 8:01:28 AM PDT,08/28/2026 8:01:28 AM PDT,TIME,,,en,1
Oriental Sports Ce,Oriental Sports Ce,EVENT,,,en,1
Lafayette Square Park,Lafayette Square Park,FAC,,,en,1
Fight Night 286's,Fight Night 286's,WORK_OF_ART,,,en,1
the Hall of Fame,the Hall of Fame,FAC,,,en,1
the Jimmy Kimmel Live,the Jimmy Kimmel Live,FAC,,,en,1
Thailands seaside,Thailands seaside,FAC,,,en,1
six and a half years,six and a half years,DATE,,,en,1
USS Abraham Lincoln,USS Abraham Lincoln,PRODUCT,,,en,1
+386 chars,+386 chars,WORK_OF_ART,,,en,1
The Last St…,The Last St…,WORK_OF_ART,,,en,1
The Last,The Last,WORK_OF_ART,,,en,1
2.17 million,2.17 million,CARDINAL,,,en,1
"237,000","237,000",CARDINAL,,,en,1
Improbable Shanghai Win,Improbable Shanghai Win,WORK_OF_ART,,,en,1
"the 
Ultimate Fighting","the 
Ultimate Fighting",WORK_OF_ART,,,en,1
The Stars Rise In New York,The Stars Rise In New York,WORK_OF_ART,,,en,1
"the ""Tonight Show""","the ""Tonight Show""",WORK_OF_ART,,,en,1
Taylor Swift,Taylor Swift,PRODUCT,,,en,1
six years old,six years old,DATE,,,en,1
35,35,DATE,,,en,1
30 years,30 years,DATE,,,en,1
Her Flop Era,Her Flop Era,WORK_OF_ART,,,en,1
$4.6M,$4.6M,MONEY,,,en,1
Five Years,Five Years,DATE,,,en,1
Age-Gap Rom-Com,Age-Gap Rom-Com,WORK_OF_ART,,,en,1
Age-Gap Rom-Com’ Together,Age-Gap Rom-Com’ Together,WORK_OF_ART,,,en,1
The Life of a … [+6903 chars,The Life of a … [+6903 chars,WORK_OF_ART,,,en,1
Beast,Beast,PRODUCT,,,en,1
1976,1976,DATE,,,en,1
two more seasons,two more seasons,DATE,,,en,1
Video Music Awards,Video Music Awards,EVENT,,,en,1
Two-Year,Two-Year,DATE,,,en,1
Dark Knight,Dark Knight,PRODUCT,,,en,1
Emmys Easter Eggs,Emmys Easter Eggs,WORK_OF_ART,,,en,1
Patient Zero’ Music Video Featuring,Patient Zero’ Music Video Featuring,WORK_OF_ART,,,en,1
first-week,first-week,DATE,,,en,1
4.002 million,4.002 million,CARDINAL,,,en,1
"October 3, 2025","October 3, 2025",DATE,,,en,1
45 years,45 years,DATE,,,en,1
Star Still Chasing His Oscar,Star Still Chasing His Oscar,WORK_OF_ART,,,en,1
She Could Be A Director,She Could Be A Director,WORK_OF_ART,,,en,1
‘Life of a Showgirl’,‘Life of a Showgirl’,WORK_OF_ART,,,en,1
nine months,nine months,DATE,,,en,1
The Life of …,The Life of …,WORK_OF_ART,,,en,1
"September 25, 2026","September 25, 2026",DATE,,,en,1
Top 30 Years,Top 30 Years,DATE,,,en,1
+2833,+2833,NORP,,,en,1
"September 27, 2026","September 27, 2026",DATE,,,en,1
Peacock Theater,Peacock Theater,FAC,,,en,1
2026 MTV Video Music Awards,2026 MTV Video Music Awards,EVENT,,,en,1
Rich Polk/Billboard,Rich Polk/Billboard,WORK_OF_ART,,,en,1
MTV Video Music Award,MTV Video Music Award,EVENT,,,en,1
31st,31st,DATE,,,en,1
Way Less Yassified,Way Less Yassified,WORK_OF_ART,,,en,1
the “Patient Zero” music video on a bigger screen,the “Patient Zero” music video on a bigger screen,WORK_OF_ART,,,en,1
the 2026 MTV Video Music Awards,the 2026 MTV Video Music Awards,EVENT,,,en,1
Patient Zero’ Music Video,Patient Zero’ Music Video,WORK_OF_ART,,,en,1
Artist Director Honor,Artist Director Honor,WORK_OF_ART,,,en,1
Inaugural,Inaugural,DATE,,,en,1
1970,1970,DATE,,,en,1
'Top Gun','Top Gun',WORK_OF_ART,,,en,1
this season,this season,DATE,,,en,1
Dolphins,Dolphins,PRODUCT,,,en,1
26 September 2026,26 September 2026,DATE,,,en,1
epa13265651 Mexican,epa13265651 Mexican,NORP,,,en,1
nightly,nightly,TIME,,,en,1
a year ago,a year ago,DATE,,,en,1
Primetime,Primetime,WORK_OF_ART,,,en,1
Wednesdays,Wednesdays,DATE,,,en,1
25 September 2026,25 September 2026,DATE,,,en,1
epa13264001 American,epa13264001 American,NORP,,,en,1
Tom Cruise,Tom Cruise,WORK_OF_ART,,,en,1
58,58,DATE,,,en,1
20 minutes,20 minutes,TIME,,,en,1
Featuring New Music Including the Single,Featuring New Music Including the Single,WORK_OF_ART,,,en,1
“The Sphinx.”,“The Sphinx.”,WORK_OF_ART,,,en,1
"the
Ultimate Fi","the
Ultimate Fi",PRODUCT,,,en,1
254,254,CARDINAL,,,en,1
20 pounds,20 pounds,QUANTITY,,,en,1
There Is Nothing Like Human,There Is Nothing Like Human,WORK_OF_ART,,,en,1
Six-Minute Monologue,Six-Minute Monologue,TIME,,,en,1
14-3,14-3,CARDINAL,,,en,1
12 seconds,12 seconds,TIME,,,en,1
just 24 years old,just 24 years old,DATE,,,en,1
Sept. 2026,Sept. 2026,DATE,,,en,1
+6163,+6163,NORP,,,en,1
12 months,12 months,DATE,,,en,1
Year,Year,DATE,,,en,1
Monday to three years and six months,Monday to three years and six months,DATE,,,en,1
$3.6 Million,$3.6 Million,MONEY,,,en,1
2026.Colin,2026.Colin,CARDINAL,,,en,1
September 20,September 20,DATE,,,en,1
nearly two dozen,nearly two dozen,CARDINAL,,,en,1
"70,000","70,000",MONEY,,,en,1
Just over two months,Just over two months,DATE,,,en,1
The Blind Side,The Blind Side,FAC,,,en,1
Pakistani,Pakistani,NORP,,,en,1
Still Thinks,Still Thinks,WORK_OF_ART,,,en,1
331 Elbow Knockout,331 Elbow Knockout,WORK_OF_ART,,,en,1
eight-decade,eight-decade,DATE,,,en,1
Batman: The Animated Series,Batman: The Animated Series,WORK_OF_ART,,,en,1
1978,1978,DATE,,,en,1
the past five months,the past five months,DATE,,,en,1
‘The Life of a Showgirl,‘The Life of a Showgirl,WORK_OF_ART,,,en,1
this Friday,this Friday,DATE,,,en,1
the summer,the summer,DATE,,,en,1
Toy Story 5,Toy Story 5,WORK_OF_ART,,,en,1
En,En,WORK_OF_ART,,,en,1
"Friday, Sept. 25","Friday, Sept. 25",DATE,,,en,1
‘The Life of a Showgirl:,‘The Life of a Showgirl:,WORK_OF_ART,,,en,1
Less than 24 hours,Less than 24 hours,TIME,,,en,1
decade-long,decade-long,DATE,,,en,1
POLITICO,POLITICO,NORP,,,en,1
Amazing to Work,Amazing to Work,WORK_OF_ART,,,en,1
"Gravitas, Rules Out","Gravitas, Rules Out",WORK_OF_ART,,,en,1
Sept. 22,Sept. 22,DATE,,,en,1
4:56,4:56,TIME,,,en,1
acr,acr,PRODUCT,,,en,1
Imax,Imax,FAC,,,en,1
September 30,September 30,DATE,,,en,1
Digger’ World Premiere Was A Royal Affair With Prince William & Kate Middleton,Digger’ World Premiere Was A Royal Affair With Prince William & Kate Middleton,WORK_OF_ART,,,en,1
the last few days,the last few days,DATE,,,en,1
‘Best Performance,‘Best Performance,WORK_OF_ART,,,en,1
Hollow Misfire,Hollow Misfire,WORK_OF_ART,,,en,1
+1618 chars,+1618 chars,WORK_OF_ART,,,en,1
Magnolia,Magnolia,WORK_OF_ART,,,en,1
1999,1999,DATE,,,en,1
Less than a year,Less than a year,DATE,,,en,1
Releasing Ahead Of MTV VMA Honors,Releasing Ahead Of MTV VMA Honors,WORK_OF_ART,,,en,1
the last week,the last week,DATE,,,en,1
Patient Zero” Video,Patient Zero” Video,WORK_OF_ART,,,en,1
the 2026 VMAs first appeared on,the 2026 VMAs first appeared on,DATE,,,en,1
This Autumn,This Autumn,EVENT,,,en,1
Marvel’s,Marvel’s,WORK_OF_ART,,,en,1
We Are,We Are,WORK_OF_ART,,,en,1
"3,510","3,510",CARDINAL,,,en,1
$30 million to $35 million,$30 million to $35 million,MONEY,,,en,1
$12 Million,$12 Million,MONEY,,,en,1
$35 Million,$35 Million,MONEY,,,en,1
The Drew Barrymore Show,The Drew Barrymore Show,WORK_OF_ART,,,en,1
“One Battle After Another,“One Battle After Another,WORK_OF_ART,,,en,1
1970s,1970s,DATE,,,en,1
+4426 chars,+4426 chars,WORK_OF_ART,,,en,1
Years Ago,Years Ago,DATE,,,en,1
the past few years,the past few years,DATE,,,en,1
+1746 chars,+1746 chars,WORK_OF_ART,,,en,1
first Christmas,first Christmas,DATE,,,en,1
"2026 VMAs,","2026 VMAs,",DATE,,,en,1
3:20 PM,3:20 PM,TIME,,,en,1
"SEP 29, 2026","SEP 29, 2026",DATE,,,en,1
Watts,Watts,LAW,,,en,1
200 Pounds,200 Pounds,QUANTITY,,,en,1
+6010 chars,+6010 chars,WORK_OF_ART,,,en,1
Cle,Cle,NORP,,,en,1
Cleveland,Cleveland,WORK_OF_ART,0.006756756756756757,0.018918918918918916,en,1
Mar,Mar,DATE,,,en,1
Famous Exes,Famous Exes,WORK_OF_ART,,,en,1
Memoir,Memoir,WORK_OF_ART,,,en,1
More Than 40 Years,More Than 40 Years,DATE,,,en,1
NB44,NB44,NORP,,,en,1
We Are Living,We Are Living,WORK_OF_ART,,,en,1
Digger’ Facing Such a Bumpy,Digger’ Facing Such a Bumpy,WORK_OF_ART,,,en,1
The Mummy,The Mummy,WORK_OF_ART,,,en,1
52%,52%,PERCENT,,,en,1
Political Wire,Political Wire,WORK_OF_ART,,,en,1
ex-India,ex-India,NORP,,,en,1
Shai,Shai,NORP,,,en,1
more than 20 million,more than 20 million,CARDINAL,,,en,1
nearly $100,nearly $100,MONEY,,,en,1
20m,20m,QUANTITY,,,en,1
2026-10-03,2026-10-03,DATE,,,en,1
one hour,one hour,TIME,,,en,1
Republika,Republika,NORP,,,en,1
+9071 chars,+9071 chars,WORK_OF_ART,,,en,1
+5757,+5757,NORP,,,en,1
the past year,the past year,DATE,,,en,1
Hasbro,Hasbro,PRODUCT,,,en,1
$15 million,$15 million,MONEY,,,en,1
Daytime,Daytime,TIME,,,en,1
Red Badger,Red Badger,FAC,,,en,1
10/01/2026 9:12:00 AM PDT,10/01/2026 9:12:00 AM PDT,TIME,,,en,1
"October 01, 2026
 ","October 01, 2026
 ",DATE,,,en,1
four decades,four decades,DATE,,,en,1
american,american,NORP,,,en,1
+20682,+20682,NORP,,,en,1
Anglo,Anglo,NORP,,,en,1
"October 1, 2026","October 1, 2026",DATE,,,en,1
12 minutes ago,12 minutes ago,TIME,,,en,1
Cruises,Cruises,WORK_OF_ART,,,en,1
'1989','1989',DATE,,,en,1
"I Knew It, I Knew You","I Knew It, I Knew You",WORK_OF_ART,,,en,1
Toy Story 5 contribution,Toy Story 5 contribution,WORK_OF_ART,,,en,1
+1575,+1575,NORP,,,en,1
The Life of a Showgirl deluxe edition,The Life of a Showgirl deluxe edition,WORK_OF_ART,,,en,1
8.43 million,8.43 million,CARDINAL,,,en,1
8.43 Million,8.43 Million,CARDINAL,,,en,1
Tog,Tog,WORK_OF_ART,,,en,1
GMA Dove Awards,GMA Dove Awards,WORK_OF_ART,,,en,1
57th,57th,ORDINAL,,,en,1
Oct. 6,Oct. 6,DATE,,,en,1
2025 GMA Dove,2025 GMA Dove,TIME,,,en,1
"Tuesday, September 29","Tuesday, September 29",DATE,,,en,1
National Coffee Day,National Coffee Day,EVENT,,,en,1
"Tuesday, September 29, 2026","Tuesday, September 29, 2026",DATE,,,en,1
Audience Is Growing Up,Audience Is Growing Up,WORK_OF_ART,,,en,1
18:56:00,18:56:00,TIME,,,en,1
2026-09-28,2026-09-28,DATE,,,en,1
2008,2008,DATE,,,en,1
Verity’ Press Tour,Verity’ Press Tour,WORK_OF_ART,,,en,1
15million,15million,MONEY,,,en,1
'Digger' Backlash,'Digger' Backlash,WORK_OF_ART,,,en,1
Oscar Dream 'Already Shattered,Oscar Dream 'Already Shattered,WORK_OF_ART,,,en,1
'Misty Green,'Misty Green,WORK_OF_ART,,,en,1
Angel Delgado/Getty,Angel Delgado/Getty,FAC,,,en,1
the 2026 VMAs,the 2026 VMAs,DATE,,,en,1
the MTV Video Music Awards,the MTV Video Music Awards,EVENT,,,en,1
Performing Together,Performing Together,WORK_OF_ART,,,en,1
11 Years,11 Years,DATE,,,en,1
1964,1964,DATE,,,en,1
Surprising And Urgent Disaster Movie Satire,Surprising And Urgent Disaster Movie Satire,WORK_OF_ART,,,en,1
Songtradr,Songtradr,NORP,,,en,1
Bardo,Bardo,WORK_OF_ART,,,en,1
Billboard,Billboard,PRODUCT,,,en,1
a third month,a third month,DATE,,,en,1
New Day',New Day',DATE,,,en,1
I Knew It,I Knew It,WORK_OF_ART,,,en,1
Spider-Man' Songs,Spider-Man' Songs,WORK_OF_ART,,,en,1
The Life of a Showgirl: T,The Life of a Showgirl: T,WORK_OF_ART,,,en,1
Cat Collection,Cat Collection,WORK_OF_ART,,,en,1
With Something Mysterious Called “Cat Collection”,With Something Mysterious Called “Cat Collection”,WORK_OF_ART,,,en,1
We Are Living in a Satire,We Are Living in a Satire,WORK_OF_ART,,,en,1
Patient Zero” Music Video,Patient Zero” Music Video,WORK_OF_ART,,,en,1
Hid Cancer Battle to Protect Worried Fans',Hid Cancer Battle to Protect Worried Fans',WORK_OF_ART,,,en,1
"Alpha Trade
","Alpha Trade
",PRODUCT,,,en,1
Brutalist,Brutalist,NORP,,,en,1
$47 million,$47 million,MONEY,,,en,1
"18,300 sq ft","18,300 sq ft",QUANTITY,,,en,1
+2712,+2712,NORP,,,en,1
Life of Many Colors Museum,Life of Many Colors Museum,WORK_OF_ART,,,en,1
178,178,CARDINAL,,,en,1
Parton's Cup of Ambition,Parton's Cup of Ambition,WORK_OF_ART,,,en,1
College Football Game,College Football Game,EVENT,,,en,1
‘4th Quarter,‘4th Quarter,DATE,,,en,1
2026-09-29,2026-09-29,DATE,,,en,1
1980s,1980s,DATE,,,en,1
20th Century,20th Century,DATE,,,en,1
nine to five,nine to five,CARDINAL,,,en,1
Narnia,Narnia,WORK_OF_ART,,,en,1
I Am Legend’,I Am Legend’,WORK_OF_ART,,,en,1
38 per cent,38 per cent,MONEY,,,en,1
54 days,54 days,DATE,,,en,1
+4063 chars,+4063 chars,WORK_OF_ART,,,en,1
September 9</li><li,September 9</li><li,DATE,,,en,1
Star Wars,Star Wars,WORK_OF_ART,,,en,1
the VeniceFilm Festival,the VeniceFilm Festival,EVENT,,,en,1
Kidman,Kidman,PRODUCT,,,en,1
Eyes Wide Shut,Eyes Wide Shut,WORK_OF_ART,,,en,1
Doomsday Escape Plan,Doomsday Escape Plan,WORK_OF_ART,,,en,1
less than half,less than half,CARDINAL,,,en,1
+1881 chars,+1881 chars,WORK_OF_ART,,,en,1
202,202,TIME,,,en,1
Spring 2027 Runway Show,Spring 2027 Runway Show,EVENT,,,en,1
New York Fashion Week,New York Fashion Week,EVENT,,,en,1
Song,Song,WORK_OF_ART,,,en,1
Mecklenburg-Vorpommern,Mecklenburg-Vorpommern,NORP,,,en,1
Toy Story,Toy Story,WORK_OF_ART,,,en,1
+6999,+6999,CARDINAL,,,en,1
2003,2003,DATE,,,en,1
+2012,+2012,NORP,,,en,1
the first night,the first night,TIME,,,en,1
Nearly three months,Nearly three months,DATE,,,en,1
252,252,CARDINAL,,,en,1
Shanghai Oriental Sports Center,Shanghai Oriental Sports Center,FAC,,,en,1
The Ton,The Ton,WORK_OF_ART,,,en,1
the September 16,the September 16,EVENT,,,en,1
Next Week,Next Week,DATE,,,en,1
The Tonight Show”,The Tonight Show”,WORK_OF_ART,,,en,1
Practical Magic 2,Practical Magic 2,WORK_OF_ART,,,en,1
1s,1s,CARDINAL,,,en,1
Drivetime,Drivetime,WORK_OF_ART,,,en,1
Primetime Emmy Predictions,Primetime Emmy Predictions,WORK_OF_ART,,,en,1
mos,mos,DATE,,,en,1
“The Tonight Show,“The Tonight Show,WORK_OF_ART,,,en,1
Jimmy Fallon Mocks Trump for Suggesting He’s the Solution to AI Concerns,Jimmy Fallon Mocks Trump for Suggesting He’s the Solution to AI Concerns,WORK_OF_ART,,,en,1
May 21,May 21,DATE,,,en,1
the Emmy Awards 2026 for Outstanding Variety Series,the Emmy Awards 2026 for Outstanding Variety Series,EVENT,,,en,1
The Late Show's,The Late Show's,WORK_OF_ART,,,en,1
Trump Is a Dangerously Corrupt and Incompetent Man',Trump Is a Dangerously Corrupt and Incompetent Man',WORK_OF_ART,,,en,1
Broncos,Broncos,FAC,,,en,1
Sept. 14,Sept. 14,DATE,,,en,1
SVU,SVU,WORK_OF_ART,,,en,1
Bahamas Wedding,Bahamas Wedding,WORK_OF_ART,,,en,1
2026-09-14,2026-09-14,DATE,,,en,1
09/14/2026 3:57:17 PM PDT,09/14/2026 3:57:17 PM PDT,TIME,,,en,1
November 3,November 3,DATE,,,en,1
50 Days,50 Days,DATE,,,en,1
09/14/2026 3:18:09 PM PDT,09/14/2026 3:18:09 PM PDT,TIME,,,en,1
+1562 chars],+1562 chars],WORK_OF_ART,,,en,1
Crazy Economy Lies: Pollsters,Crazy Economy Lies: Pollsters,WORK_OF_ART,,,en,1
UFC Winning Streak Over Failed Drug Tests,UFC Winning Streak Over Failed Drug Tests,WORK_OF_ART,,,en,1
He Was Caught Doping Twice,He Was Caught Doping Twice,WORK_OF_ART,,,en,1
The U.S. Open in Flushing Meadows,The U.S. Open in Flushing Meadows,WORK_OF_ART,,,en,1
Flushing Meadows,Flushing Meadows,FAC,,,en,1
Fight Night 288,Fight Night 288,WORK_OF_ART,,,en,1
Sept. 11,Sept. 11,DATE,,,en,1
Widow’s Bay’ Possible Record,Widow’s Bay’ Possible Record,WORK_OF_ART,,,en,1
Crusty Oil Baron,Crusty Oil Baron,PRODUCT,,,en,1
+1064 chars,+1064 chars,WORK_OF_ART,,,en,1
a quarter century old,a quarter century old,DATE,,,en,1
FOUR,FOUR,CARDINAL,,,en,1
nearly three months,nearly three months,DATE,,,en,1
a few days,a few days,DATE,,,en,1
Englishman,Englishman,NORP,,,en,1
+1910,+1910,NORP,,,en,1
Topuria,Topuria,FAC,0.0,0.0,en,1
just 52 seconds,just 52 seconds,TIME,,,en,1
This summer,This summer,DATE,,,en,1
"as high as $13,500","as high as $13,500",MONEY,,,en,1
another memorable night,another memorable night,TIME,,,en,1
"185,500","185,500",MONEY,,,en,1
Only 1.6 million,Only 1.6 million,CARDINAL,,,en,1
Sept.,Sept.,DATE,,,en,1
+1002 chars,+1002 chars,WORK_OF_ART,,,en,1
$301.2 million,$301.2 million,MONEY,,,en,1
the Super Bowl,the Super Bowl,EVENT,,,en,1
2026 season,2026 season,DATE,,,en,1
Round,Round,WORK_OF_ART,,,en,1
2:35 mark of,2:35 mark of,TIME,,,en,1
coverageMMA Junkie,coverageMMA Junkie,WORK_OF_ART,,,en,1
17 nights,17 nights,TIME,,,en,1
The Ultimate Fighting Championship’s,The Ultimate Fighting Championship’s,LAW,,,en,1
noon,noon,TIME,,,en,1
+1542,+1542,NORP,,,en,1
the last minute,the last minute,TIME,,,en,1
2026 Fall Season,2026 Fall Season,DATE,,,en,1
September 27,September 27,DATE,,,en,1
the September 8 episode,the September 8 episode,EVENT,,,en,1
Band of Brothers,Band of Brothers,WORK_OF_ART,,,en,1
10 this week,10 this week,DATE,,,en,1
a quarter century,a quarter century,DATE,,,en,1
25 Years Ago,25 Years Ago,DATE,,,en,1
Cash Gift for Holidays,Cash Gift for Holidays,WORK_OF_ART,,,en,1
late night last night,late night last night,TIME,,,en,1
a big night,a big night,TIME,,,en,1
a few months,a few months,DATE,,,en,1
Late Night Return,Late Night Return,TIME,,,en,1
the holidays,the holidays,DATE,,,en,1
"155,000","155,000",MONEY,,,en,1
'Digger' Movie,'Digger' Movie,WORK_OF_ART,,,en,1
the last few weeks,the last few weeks,DATE,,,en,1
You Can See Everything’,You Can See Everything’,WORK_OF_ART,,,en,1
up to $1.8,up to $1.8,MONEY,,,en,1
about 75%,about 75%,PERCENT,,,en,1
up to $1.85 million,up to $1.85 million,MONEY,,,en,1
+412 chars],+412 chars],WORK_OF_ART,,,en,1
only lasted 2:35,only lasted 2:35,TIME,,,en,1
nearly three months ago,nearly three months ago,DATE,,,en,1
294,294,CARDINAL,,,en,1
Venice Film Festival,Venice Film Festival,EVENT,,,en,1
Marriage Is In Crisis,Marriage Is In Crisis,WORK_OF_ART,,,en,1
the fall,the fall,DATE,,,en,1
24-2,24-2,CARDINAL,,,en,1
War of the Worlds,War of the Worlds,WORK_OF_ART,,,en,1
21 Years Later,21 Years Later,DATE,,,en,1
"September 19, 2026","September 19, 2026",DATE,,,en,1
the spring of 2020,the spring of 2020,DATE,,,en,1
late-summer,late-summer,DATE,,,en,1
2minutesBy,2minutesBy,CARDINAL,,,en,1
Ilia Topuria,Ilia Topuria,FAC,,,en,1
Vampire Chronicles,Vampire Chronicles,WORK_OF_ART,,,en,1
Interview With,Interview With,WORK_OF_ART,,,en,1
next weeks,next weeks,DATE,,,en,1
"White House Fight, Provides Injury UpdateBleacher","White House Fight, Provides Injury UpdateBleacher",FAC,,,en,1
"White House Fight, Provides Injury Update - Bleacher Report","White House Fight, Provides Injury Update - Bleacher Report",FAC,,,en,1
MobLand Season 2,MobLand Season 2,EVENT,,,en,1
'The Tonight Show','The Tonight Show',WORK_OF_ART,,,en,1
Kennedy Center,Kennedy Center,FAC,,,en,1
+1284,+1284,NORP,,,en,1
Lets Get Married,Lets Get Married,WORK_OF_ART,,,en,1
eight-year,eight-year,DATE,,,en,1
the last couple of days,the last couple of days,DATE,,,en,1
an evening,an evening,TIME,,,en,1
midweek,midweek,DATE,,,en,1
the League Cup quarter,the League Cup quarter,EVENT,,,en,1
the League Cup,the League Cup,EVENT,,,en,1
17 Aug. 2026,17 Aug. 2026,DATE,,,en,1
Jimmy Fallon Roasts Trump for Shutting Down Kennedy Center,Jimmy Fallon Roasts Trump for Shutting Down Kennedy Center,WORK_OF_ART,,,en,1
lightweighttitleholder,lightweighttitleholder,PRODUCT,,,en,1
nearly a decade,nearly a decade,DATE,,,en,1
Earlier Wednesday,Earlier Wednesday,TIME,,,en,1
Just a few days ago,Just a few days ago,DATE,,,en,1
Three months,Three months,DATE,,,en,1
35mm,35mm,QUANTITY,,,en,1
mid-thirties,mid-thirties,DATE,,,en,1
more than 500,more than 500,CARDINAL,,,en,1
a long 10 months,a long 10 months,DATE,,,en,1
"\""malgovernance\","\""malgovernance\",FAC,,,en,1
just four seconds,just four seconds,TIME,,,en,1
just 12 seconds,just 12 seconds,TIME,,,en,1
24-3,24-3,DATE,,,en,1
Bantamweight History LOS ANGELES,Bantamweight History LOS ANGELES,WORK_OF_ART,,,en,1
24-Year-Old Van Earns,24-Year-Old Van Earns,DATE,,,en,1
16 months ago,16 months ago,DATE,,,en,1
seasons,seasons,DATE,,,en,1
eight years,eight years,DATE,,,en,1
Ilia,Ilia,WORK_OF_ART,-0.5,0.9,en,1
300,300,CARDINAL,,,en,1
+4041 chars,+4041 chars,WORK_OF_ART,,,en,1
two seconds,two seconds,TIME,,,en,1
Mission: Impossible intensity,Mission: Impossible intensity,WORK_OF_ART,,,en,1
Prosthetic Artist Sounds Like My Nightmare Realized,Prosthetic Artist Sounds Like My Nightmare Realized,WORK_OF_ART,,,en,1
the last four decades,the last four decades,DATE,,,en,1
last years,last years,DATE,,,en,1
7 seasons,7 seasons,DATE,,,en,1
20 seasons,20 seasons,DATE,,,en,1
Never Say Never,Never Say Never,WORK_OF_ART,,,en,1
Brilliant Musician and Director,Brilliant Musician and Director,WORK_OF_ART,,,en,1
Schooling Me on Football,Schooling Me on Football,WORK_OF_ART,,,en,1
the UFC Freedom 250,the UFC Freedom 250,LAW,,,en,1
'The Tonight Show,'The Tonight Show,WORK_OF_ART,,,en,1
Bringing Son Hugo,Bringing Son Hugo,EVENT,,,en,1
Just a day ago,Just a day ago,DATE,,,en,1
last month's,last month's,DATE,,,en,1
May Headline,May Headline,DATE,,,en,1
Emmys 2026 Cameo,Emmys 2026 Cameo,FAC,,,en,1
"July 3, 1962","July 3, 1962",DATE,,,en,1
6.7M,6.7M,QUANTITY,,,en,1
last night’s,last night’s,TIME,,,en,1
Last Year,Last Year,DATE,,,en,1
+1260 chars,+1260 chars,WORK_OF_ART,,,en,1
recent days,recent days,DATE,,,en,1
227,227,CARDINAL,,,en,1
110 pounds,110 pounds,QUANTITY,,,en,1
up to $1.2 trillion,up to $1.2 trillion,MONEY,,,en,1
+6511,+6511,NORP,,,en,1
his late night,his late night,TIME,,,en,1
Emmy Awards,Emmy Awards,WORK_OF_ART,,,en,1
' year,' year,DATE,,,en,1
Late-night,Late-night,TIME,,,en,1
It Fit,It Fit,WORK_OF_ART,,,en,1
Polaris,Polaris,EVENT,,,en,1
The Tonight Show With Jimmy Fallon,The Tonight Show With Jimmy Fallon,WORK_OF_ART,,,en,1
Angine,Angine,NORP,,,en,1
+2886 chars,+2886 chars,WORK_OF_ART,,,en,1
oct,oct,DATE,,,en,1
The Company of … [+4288 chars,The Company of … [+4288 chars,WORK_OF_ART,,,en,1
the late 1980s,the late 1980s,DATE,,,en,1
We’re No Angels,We’re No Angels,WORK_OF_ART,,,en,1
The Crying Game,The Crying Game,WORK_OF_ART,,,en,1
Mona Lisa,Mona Lisa,WORK_OF_ART,,,en,1
"I Knew It, I Knew","I Knew It, I Knew",WORK_OF_ART,,,en,1
Intense,Intense,WORK_OF_ART,,,en,1
Punching Bag’ Ilia Topuria,Punching Bag’ Ilia Topuria,WORK_OF_ART,,,en,1
Lecce,Lecce,NORP,0.5,0.5,en,1
Punching Bag”,Punching Bag”,WORK_OF_ART,,,en,1
Wednesday afternoon,Wednesday afternoon,TIME,,,en,1
hundreds of thousands,hundreds of thousands,CARDINAL,,,en,1
Repub,Repub,NORP,,,en,1
Honest Poll,Honest Poll,WORK_OF_ART,,,en,1
Presidential Race,Presidential Race,EVENT,,,en,1
barely three months,barely three months,DATE,,,en,1
Swiftarc,Swiftarc,WORK_OF_ART,,,en,1
Her WaPo Job Back,Her WaPo Job Back,WORK_OF_ART,,,en,1
the 1990s,the 1990s,DATE,,,en,1
the decade,the decade,DATE,,,en,1
23 years,23 years,DATE,,,en,1
2026In,2026In,CARDINAL,,,en,1
more than two decades,more than two decades,DATE,,,en,1
The Late Night,The Late Night,TIME,,,en,1
two-week,two-week,DATE,,,en,1
The Rocky Horror Show,The Rocky Horror Show,WORK_OF_ART,,,en,1
October 6th-18th,October 6th-18th,DATE,,,en,1
The Narrator,The Narrator,WORK_OF_ART,,,en,1
Oct. 9 and 10,Oct. 9 and 10,DATE,,,en,1
just three months,just three months,DATE,,,en,1
"Alan Cumming & Jimmy Fallon""Jimmy Fallon","Alan Cumming & Jimmy Fallon""Jimmy Fallon",WORK_OF_ART,,,en,1
SEPTEMBER 19,SEPTEMBER 19,DATE,,,en,1
Knockout Loss,Knockout Loss,WORK_OF_ART,,,en,1
2026-09-16,2026-09-16,DATE,,,en,1
Freedom 250 Beating,Freedom 250 Beating,WORK_OF_ART,,,en,1
last fall,last fall,DATE,,,en,1
August 14,August 14,DATE,,,en,1
Marvel,Marvel,WORK_OF_ART,,,en,1
7.20.26,7.20.26,DATE,,,en,1
almost a century,almost a century,DATE,,,en,1
Nearly a month,Nearly a month,DATE,,,en,1
Brought Me Back to Torture Me,Brought Me Back to Torture Me,WORK_OF_ART,,,en,1
Locked in a Coffin,Locked in a Coffin,WORK_OF_ART,,,en,1
Two Days,Two Days,DATE,,,en,1
Tuesday morning,Tuesday morning,TIME,,,en,1
+1996,+1996,NORP,,,en,1
"Jul 21, 2026 04:26 PM","Jul 21, 2026 04:26 PM",DATE,,,en,1
RAF 11,RAF 11,LAW,,,en,1
the past few months,the past few months,DATE,,,en,1
170-p,170-p,CARDINAL,,,en,1
$2.5M,$2.5M,MONEY,,,en,1
"Your Life is All About Him, Mine Is","Your Life is All About Him, Mine Is",WORK_OF_ART,,,en,1
70mm,70mm,QUANTITY,,,en,1
Later this year,Later this year,DATE,,,en,1
first day,first day,DATE,,,en,1
First Day,First Day,DATE,,,en,1
last Wednesday and Thursday,last Wednesday and Thursday,DATE,,,en,1
Several days,Several days,DATE,,,en,1
650,650,CARDINAL,,,en,1
day,day,DATE,,,en,1
the World Cup Final's,the World Cup Final's,EVENT,,,en,1
FIFA,FIFA,EVENT,,,en,1
seventh PM in,seventh PM in,TIME,,,en,1
FIFA World Cup,FIFA World Cup,EVENT,,,en,1
59th,59th,ORDINAL,,,en,1
King of the North,King of the North,WORK_OF_ART,,,en,1
+1325 chars,+1325 chars,WORK_OF_ART,,,en,1
nearly two weeks,nearly two weeks,DATE,,,en,1
FRENCH,FRENCH,NORP,,,en,1
"Reuters
","Reuters
",WORK_OF_ART,,,en,1
+2619 chars,+2619 chars,WORK_OF_ART,,,en,1
"Connect
Dana White","Connect
Dana White",PRODUCT,,,en,1
White House Event,White House Event,EVENT,,,en,1
Name Out of Her Mouth,Name Out of Her Mouth,WORK_OF_ART,,,en,1
Model,Model,PRODUCT,,,en,1
+4968 chars,+4968 chars,WORK_OF_ART,,,en,1
"2,000","2,000",CARDINAL,,,en,1
205 pou,205 pou,QUANTITY,,,en,1
March 2025,March 2025,DATE,,,en,1
seven-foot,seven-foot,QUANTITY,,,en,1
season 3,season 3,DATE,,,en,1
And A New Season Of HBO Origina,And A New Season Of HBO Origina,WORK_OF_ART,,,en,1
"Locked in a Coffin"" With Snake","Locked in a Coffin"" With Snake",WORK_OF_ART,,,en,1
"""The Strangers: Chapter 2","""The Strangers: Chapter 2",WORK_OF_ART,,,en,1
Conan O'Brien Must Go,Conan O'Brien Must Go,WORK_OF_ART,,,en,1
This August,This August,DATE,,,en,1
13th,13th,ORDINAL,,,en,1
+1845 chars,+1845 chars,WORK_OF_ART,,,en,1
"Tuesday, July 21, 2026","Tuesday, July 21, 2026",DATE,,,en,1
Perfect,Perfect,WORK_OF_ART,,,en,1
Farkers,Farkers,NORP,,,en,1
I Think Sam Brought Me Back To Torture Me,I Think Sam Brought Me Back To Torture Me,WORK_OF_ART,,,en,1
Euphoria’ Death Scene & Returning For Final Season,Euphoria’ Death Scene & Returning For Final Season,WORK_OF_ART,,,en,1
Gordie Howe Bridge,Gordie Howe Bridge,FAC,,,en,1
2 Days,2 Days,DATE,,,en,1
595 pounds,595 pounds,QUANTITY,,,en,1
the eve of the tenth anniversary,the eve of the tenth anniversary,DATE,,,en,1
just over a decade,just over a decade,DATE,,,en,1
Took the Easy Way Out,Took the Easy Way Out,WORK_OF_ART,,,en,1
almost 40,almost 40,CARDINAL,,,en,1
next summer,next summer,DATE,,,en,1
The Nigerian Nightmare,The Nigerian Nightmare,WORK_OF_ART,,,en,1
July 19,July 19,DATE,,,en,1
The Talk Shows The Butchers ThumbSunday,The Talk Shows The Butchers ThumbSunday,WORK_OF_ART,,,en,1
July 19th,July 19th,DATE,,,en,1
Sunday Morning Talk Show Thread 19 July 2026,Sunday Morning Talk Show Thread 19 July 2026,DATE,,,en,1
The War of the South,The War of the South,EVENT,,,en,1
the 25 minutes th… [,the 25 minutes th… [,TIME,,,en,1
OKC,OKC,PRODUCT,,,en,1
the 25 minutes,the 25 minutes,TIME,,,en,1
329.McGregor,329.McGregor,PRODUCT,,,en,1
anti-Semite,anti-Semite,NORP,,,en,1
Sky One,Sky One,EVENT,,,en,1
Accusation,Accusation,WORK_OF_ART,,,en,1
Defending Dinner,Defending Dinner,WORK_OF_ART,,,en,1
+2859 chars,+2859 chars,WORK_OF_ART,,,en,1
Keeps Door Open,Keeps Door Open,WORK_OF_ART,,,en,1
Matchroom,Matchroom,PRODUCT,,,en,1
+5569 chars,+5569 chars,WORK_OF_ART,,,en,1
UFC Fight Night: No Man's Land,UFC Fight Night: No Man's Land,WORK_OF_ART,,,en,1
+2593 chars,+2593 chars,WORK_OF_ART,,,en,1
68,68,DATE,,,en,1
Season,Season,DATE,,,en,1
the big wedding night,the big wedding night,TIME,,,en,1
few weeks,few weeks,DATE,,,en,1
This,This,WORK_OF_ART,,,en,1
a dozen years,a dozen years,DATE,,,en,1
less than a month,less than a month,DATE,,,en,1
his past five,his past five,DATE,,,en,1
its first season,its first season,DATE,,,en,1
the past ten years,the past ten years,DATE,,,en,1
SNL UK Cold Open Breaking News,SNL UK Cold Open Breaking News,EVENT,,,en,1
"Monday, July 20, 2026","Monday, July 20, 2026",DATE,,,en,1
10 Downing Street,10 Downing Street,FAC,0.06818181818181818,0.22727272727272727,en,1
10 Year,10 Year,DATE,,,en,1
Monday morning,Monday morning,TIME,,,en,1
"Jul 20, 2026 10:22 PM","Jul 20, 2026 10:22 PM",DATE,,,en,1
a day,a day,DATE,,,en,1
A Decade,A Decade,DATE,,,en,1
a Decade,a Decade,DATE,,,en,1
Seventh,Seventh,ORDINAL,,,en,1
"July 20, 2026","July 20, 2026",DATE,,,en,1
seventh PM,seventh PM,TIME,,,en,1
+70821 chars,+70821 chars,WORK_OF_ART,,,en,1
THIS WEEK,THIS WEEK,DATE,,,en,1
"nearly 1,900,000 acres","nearly 1,900,000 acres",QUANTITY,,,en,1
"1,153 acres","1,153 acres",QUANTITY,,,en,1
million-dollar,million-dollar,MONEY,,,en,1
£1.1m,£1.1m,MONEY,,,en,1
+2133,+2133,NORP,,,en,1
+4980 chars,+4980 chars,WORK_OF_ART,,,en,1
the King of the North,the King of the North,WORK_OF_ART,,,en,1
"the 
Ultimate Fighting Championships","the 
Ultimate Fighting Championships",PRODUCT,,,en,1
FIFA world cup final,FIFA world cup final,EVENT,,,en,1
07/22/2026 9:24:14 AM PDT,07/22/2026 9:24:14 AM PDT,TIME,,,en,1
minutesSiad,minutesSiad,MONEY,,,en,1
Young Models Found,Young Models Found,WORK_OF_ART,,,en,1
No Favor To Kids,No Favor To Kids,WORK_OF_ART,,,en,1
Abu DhabiUFC.com UFC,Abu DhabiUFC.com UFC,PRODUCT,,,en,1
+2819 chars,+2819 chars,WORK_OF_ART,,,en,1
14-5,14-5,DATE,,,en,1
Round 1,Round 1,FAC,,,en,1
annual October,annual October,DATE,,,en,1
Up to $500,Up to $500,MONEY,,,en,1
6 a.m.,6 a.m.,TIME,,,en,1
only 12,only 12,CARDINAL,,,en,1
Euphoria:,Euphoria:,WORK_OF_ART,,,en,1
1 percent,1 percent,PERCENT,,,en,1
July 24,July 24,DATE,,,en,1
14 minutes ago,14 minutes ago,TIME,,,en,1
About 1 Percent,About 1 Percent,PERCENT,,,en,1
"July
24, 2026","July
24, 2026",DATE,,,en,1
Notor,Notor,WORK_OF_ART,,,en,1
Notorious,Notorious,WORK_OF_ART,,,en,1
+3157 chars,+3157 chars,WORK_OF_ART,,,en,1
the final days,the final days,DATE,,,en,1
less than 90 seconds,less than 90 seconds,TIME,,,en,1
n…,n…,NORP,,,en,1
$8 million,$8 million,MONEY,,,en,1
last season,last season,DATE,,,en,1
"Thursday, July 24","Thursday, July 24",DATE,,,en,1
Abu Dhabi,Abu Dhabi,WORK_OF_ART,0.0028776978417266188,0.005035971223021582,en,1
Olympian,Olympian,NORP,,,en,1
Second,Second,ORDINAL,,,en,1
the Round 5 TKO,the Round 5 TKO,EVENT,,,en,1
Abu DhabiUFC.com,Abu DhabiUFC.com,PRODUCT,,,en,1
+7868,+7868,NORP,,,en,1
the 2nd,the 2nd,DATE,,,en,1
theUltimate,theUltimate,FAC,,,en,1
14 days',14 days',DATE,,,en,1
"November 15, 2025","November 15, 2025",DATE,,,en,1
NOVEMBER 15,NOVEMBER 15,DATE,,,en,1
2027.The,2027.The,CARDINAL,,,en,1
July 8 to July 14,July 8 to July 14,DATE,,,en,1
the second week of July,the second week of July,DATE,,,en,1
2004,2004,DATE,,,en,1
Millions,Millions,CARDINAL,,,en,1
coming September 4,coming September 4,EVENT,,,en,1
Onslaught” starring Adria Arjona,Onslaught” starring Adria Arjona,WORK_OF_ART,,,en,1
Godzilla x Kong,Godzilla x Kong,WORK_OF_ART,,,en,1
Onslaught”,Onslaught”,WORK_OF_ART,,,en,1
the days,the days,DATE,,,en,1
his day,his day,DATE,,,en,1
July 11th,July 11th,DATE,,,en,1
+1937 chars,+1937 chars,WORK_OF_ART,,,en,1
205 lbs Title Shot,205 lbs Title Shot,QUANTITY,,,en,1
RAF UFC,RAF UFC,LAW,,,en,1
Only two,Only two,CARDINAL,,,en,1
18-4-1,18-4-1,DATE,,,en,1
Muay,Muay,WORK_OF_ART,,,en,1
"160,500","160,500",MONEY,,,en,1
9-rankedBogd,9-rankedBogd,CARDINAL,,,en,1
Light Heavyweig,Light Heavyweig,PRODUCT,,,en,1
+1854,+1854,NORP,,,en,1
205.5 lbs,205.5 lbs,QUANTITY,,,en,1
320,320,CARDINAL,,,en,1
July 10th,July 10th,DATE,,,en,1
at least 24,at least 24,CARDINAL,,,en,1
"roughly 2,000","roughly 2,000",CARDINAL,,,en,1
"Fate, Brutal Season 3","Fate, Brutal Season 3",WORK_OF_ART,,,en,1
another phenomenal year,another phenomenal year,DATE,,,en,1
Earlier today,Earlier today,TIME,,,en,1
Yellowjackets,Yellowjackets,PRODUCT,,,en,1
the past few weeks,the past few weeks,DATE,,,en,1
"14,000","14,000",CARDINAL,,,en,1
"3,000","3,000",CARDINAL,,,en,1
Downfall Shows How Democratic and Republican Political Operatives Have Lost the Plot,Downfall Shows How Democratic and Republican Political Operatives Have Lost the Plot,WORK_OF_ART,,,en,1
This fall,This fall,DATE,,,en,1
Brits,Brits,NORP,,,en,1
‘Queen Catherine’,‘Queen Catherine’,WORK_OF_ART,,,en,1
Trojan Horse,Trojan Horse,WORK_OF_ART,,,en,1
One day,One day,DATE,,,en,1
1-1,1-1,CARDINAL,,,en,1
208,208,CARDINAL,,,en,1
313,313,PRODUCT,,,en,1
18-3,18-3,DATE,,,en,1
8 January 2020,8 January 2020,DATE,,,en,1
+3956,+3956,NORP,,,en,1
"Consequences, Schmonsequences","Consequences, Schmonsequences",WORK_OF_ART,,,en,1
+1575 chars,+1575 chars,WORK_OF_ART,,,en,1
"nearly 2,000","nearly 2,000",CARDINAL,,,en,1
almost a year,almost a year,DATE,,,en,1
the Sandringham Garden Show,the Sandringham Garden Show,FAC,,,en,1
Falklands,Falklands,NORP,,,en,1
the 2026 Commonwealth Games,the 2026 Commonwealth Games,EVENT,,,en,1
"Around 3,000","Around 3,000",CARDINAL,,,en,1
74,74,CARDINAL,,,en,1
Seven months later,Seven months later,DATE,,,en,1
‘worst day,‘worst day,DATE,,,en,1
at least one,at least one,CARDINAL,,,en,1
Asia-Pacific,Asia-Pacific,NORP,-0.019412878787878788,0.17140151515151517,en,1
Asia-,Asia-,NORP,,,en,1
Almost 15 years ago,Almost 15 years ago,DATE,,,en,1
Gordie Howe International Bridge,Gordie Howe International Bridge,FAC,,,en,1
4.5bn,4.5bn,MONEY,,,en,1
the previous years,the previous years,DATE,,,en,1
12:01 a.m,12:01 a.m,TIME,,,en,1
countrie,countrie,NORP,,,en,1
12:01 a.m.,12:01 a.m.,TIME,,,en,1
2026-07-24,2026-07-24,DATE,,,en,1
Section 301,Section 301,LAW,,,en,1
10% to 12.5%,10% to 12.5%,PERCENT,,,en,1
around 1 a.m.,around 1 a.m.,TIME,,,en,1
p.m.,p.m.,TIME,,,en,1
1 a.m.,1 a.m.,TIME,,,en,1
Batman: Caped Crusader Season 2,Batman: Caped Crusader Season 2,WORK_OF_ART,,,en,1
July 31st,July 31st,DATE,,,en,1
Batman:,Batman:,WORK_OF_ART,,,en,1
the second season,the second season,DATE,,,en,1
Doctor Who,Doctor Who,WORK_OF_ART,,,en,1
half,half,CARDINAL,,,en,1
Ankalaev Vs,Ankalaev Vs,PRODUCT,,,en,1
Brinks,Brinks,PRODUCT,,,en,1
1 million,1 million,CARDINAL,,,en,1
Star Wars',Star Wars',WORK_OF_ART,,,en,1
four months,four months,DATE,,,en,1
some 13 years,some 13 years,DATE,,,en,1
same day,same day,DATE,,,en,1
hundreds,hundreds,CARDINAL,,,en,1
THE DAY,THE DAY,DATE,,,en,1
Windsors,Windsors,PRODUCT,,,en,1
July 2021,July 2021,DATE,,,en,1
35 percent,35 percent,PERCENT,,,en,1
just one,just one,CARDINAL,,,en,1
each day,each day,DATE,,,en,1
the Boston Stadium,the Boston Stadium,FAC,,,en,1
TWENTY FIVE MINUTES,TWENTY FIVE MINUTES,TIME,,,en,1
"July 8, 2026","July 8, 2026",DATE,,,en,1
"Thursday, July 9, 2026","Thursday, July 9, 2026",DATE,,,en,1
World Cup Quarter Finals,World Cup Quarter Finals,EVENT,,,en,1
Booked For Contender Series Debut,Booked For Contender Series Debut,WORK_OF_ART,,,en,1
Failed Iran Agreement,Failed Iran Agreement,EVENT,,,en,1
Fall Guy,Fall Guy,WORK_OF_ART,,,en,1
Set Up,Set Up,WORK_OF_ART,,,en,1
+1180 chars,+1180 chars,WORK_OF_ART,,,en,1
Press a Button,Press a Button,WORK_OF_ART,,,en,1
the beginning of 2025,the beginning of 2025,DATE,,,en,1
May 2023,May 2023,DATE,,,en,1
the Silk Tapestry Room,the Silk Tapestry Room,FAC,,,en,1
Picture Gallery,Picture Gallery,FAC,,,en,1
Buckingham Palace’s,Buckingham Palace’s,FAC,,,en,1
Acting President” of Venezuela Delcy Rodríguez,Acting President” of Venezuela Delcy Rodríguez,WORK_OF_ART,,,en,1
+80,+80,CARDINAL,,,en,1
World Cup Quarterfinals,World Cup Quarterfinals,EVENT,,,en,1
"July 17, 2026","July 17, 2026",DATE,,,en,1
170.5lbs,170.5lbs,CARDINAL,,,en,1
+3429 chars,+3429 chars,WORK_OF_ART,,,en,1
5 years,5 years,DATE,,,en,1
Saturday Gable Steveson,Saturday Gable Steveson,DATE,,,en,1
Are You on Planet Earth,Are You on Planet Earth,WORK_OF_ART,,,en,1
the fight week,the fight week,DATE,,,en,1
A big night,A big night,TIME,,,en,1
Every day,Every day,DATE,,,en,1
April last year,April last year,DATE,,,en,1
0.7%,0.7%,PERCENT,,,en,1
the past two weeks,the past two weeks,DATE,,,en,1
77.3kg,77.3kg,QUANTITY,,,en,1
170.5 pounds,170.5 pounds,QUANTITY,,,en,1
"Friday, July 10, 2026","Friday, July 10, 2026",DATE,,,en,1
Sphere for the highest grossing gate,Sphere for the highest grossing gate,WORK_OF_ART,,,en,1
the T-Mobi,the T-Mobi,PRODUCT,,,en,1
years Friday,years Friday,DATE,,,en,1
Jul 10,Jul 10,DATE,,,en,1
next years,next years,DATE,,,en,1
"85,000","85,000",MONEY,,,en,1
next year's,next year's,DATE,,,en,1
"300,000","300,000",MONEY,,,en,1
"over £125,000","over £125,000",MONEY,,,en,1
"3,684","3,684",CARDINAL,,,en,1
3684,3684,CARDINAL,,,en,1
Phoebe Gates’s,Phoebe Gates’s,FAC,,,en,1
205 pounds,205 pounds,QUANTITY,,,,1
+1065 chars,+1065 chars,WORK_OF_ART,,,en,1
22-6,22-6,CARDINAL,,,en,1
Thur,Thur,DATE,,,en,1
JANUARY 23,JANUARY 23,DATE,,,en,1
the Aspen Ideas Festival,the Aspen Ideas Festival,EVENT,,,en,1
Five months later,Five months later,DATE,,,en,1
Shies Away From Politics After Trump Threats,Shies Away From Politics After Trump Threats,WORK_OF_ART,,,en,1
The View Wimps Out,The View Wimps Out,WORK_OF_ART,,,en,1
Cocks Not Glocks,Cocks Not Glocks,WORK_OF_ART,,,en,1
Glocks,Glocks,PRODUCT,,,en,1
1957,1957,DATE,,,en,1
one half,one half,CARDINAL,,,en,1
I Want to Hold Your Hand,I Want to Hold Your Hand,WORK_OF_ART,,,en,1
A Battle for My Life,A Battle for My Life,WORK_OF_ART,,,en,1
Broad Street Brawls,Broad Street Brawls,WORK_OF_ART,,,en,1
25%,25%,PERCENT,,,en,1
Britney Spears,Britney Spears,PRODUCT,,,en,1
the Voting Rights Act,the Voting Rights Act,LAW,,,en,1
New Girl,New Girl,WORK_OF_ART,,,en,1
Presti,Presti,WORK_OF_ART,,,en,1
20th,20th,ORDINAL,,,en,1
Good Morning,Good Morning,WORK_OF_ART,,,en,1
"More than 76,000","More than 76,000",CARDINAL,,,en,1
Good Morning America,Good Morning America,WORK_OF_ART,,,en,1
‘The View’ Qualifies for News Exemption in New Filing,‘The View’ Qualifies for News Exemption in New Filing,WORK_OF_ART,,,en,1
53,53,DATE,,,en,1
Communion,Communion,WORK_OF_ART,,,en,1
each morning,each morning,TIME,,,en,1
Le Pen Running for French Presidential Election Lifted,Le Pen Running for French Presidential Election Lifted,WORK_OF_ART,,,en,1
8 or 9 years ago,8 or 9 years ago,DATE,,,en,1
The Day Ill Never Remember,The Day Ill Never Remember,WORK_OF_ART,,,en,1
the 13 years,the 13 years,DATE,,,en,1
Substack,Substack,PRODUCT,,,en,1
The Day Ill,The Day Ill,WORK_OF_ART,,,en,1
mere minute,mere minute,TIME,,,en,1
+6958,+6958,NORP,,,en,1
PM this month,PM this month,DATE,,,en,1
False Narrative,False Narrative,WORK_OF_ART,,,en,1
over half a century,over half a century,DATE,,,en,1
Ultimate Fightin,Ultimate Fightin,EVENT,,,en,1
the whole week,the whole week,DATE,,,en,1
Finally Become Jimmy Kimmel’,Finally Become Jimmy Kimmel’,WORK_OF_ART,,,en,1
Wimbledon,Wimbledon,EVENT,-0.1875,0.5,en,1
14 Years,14 Years,DATE,,,en,1
"The Bear, Hacks","The Bear, Hacks",WORK_OF_ART,,,en,1
several hours,several hours,TIME,,,en,1
Aspen,Aspen,FAC,,,en,1
the past week,the past week,DATE,,,en,1
at least the third,at least the third,CARDINAL,,,en,1
Tic Tac,Tic Tac,WORK_OF_ART,,,en,1
111,111,CARDINAL,,,en,1
Wednesday morning,Wednesday morning,TIME,,,en,1
True Detective,True Detective,WORK_OF_ART,,,en,1
The White Lotus,The White Lotus,WORK_OF_ART,,,en,1
The Last of Us,The Last of Us,WORK_OF_ART,,,en,1
Several hours,Several hours,TIME,,,en,1
2:45 p.m.,2:45 p.m.,TIME,,,en,1
Emmys 2026,Emmys 2026,FAC,,,en,1
A Day I’ll Never Remember,A Day I’ll Never Remember,WORK_OF_ART,,,en,1
+5153 chars,+5153 chars,WORK_OF_ART,,,en,1
JULY 10,JULY 10,DATE,,,en,1
Dems,Dems,NORP,,,en,1
Restart Naval Blockade,Restart Naval Blockade,PRODUCT,,,en,1
8-year-old,8-year-old,DATE,,,en,1
46 lakh,46 lakh,MONEY,,,en,1
Sam Champion,Sam Champion,WORK_OF_ART,,,en,1
American Humor | Official Trailer | Netflix,American Humor | Official Trailer | Netflix,WORK_OF_ART,,,en,1
the last seven years,the last seven years,DATE,,,en,1
Action Thriller,Action Thriller,WORK_OF_ART,,,en,1
The Ultimate Fighter (TU,The Ultimate Fighter (TU,WORK_OF_ART,,,en,1
historic 10th season,historic 10th season,DATE,,,en,1
last June,last June,DATE,,,en,1
The Age Of Trump,The Age Of Trump,WORK_OF_ART,,,en,1
2minutesSay,2minutesSay,CARDINAL,,,en,1
Goes Mega-Viral With New Lingerie Pics,Goes Mega-Viral With New Lingerie Pics,WORK_OF_ART,,,en,1
TKO,TKO,WORK_OF_ART,,,en,1
BuzzFeed,BuzzFeed,PRODUCT,,,en,1
May Have Ended My Political Career,May Have Ended My Political Career,WORK_OF_ART,,,en,1
the final seconds,the final seconds,TIME,,,en,1
next weekends,next weekends,DATE,,,en,1
12 days,12 days,DATE,,,en,1
+2206,+2206,NORP,,,en,1
JULY 11,JULY 11,DATE,,,en,1
Birmingham Invictus Games,Birmingham Invictus Games,EVENT,,,en,1
one-year,one-year,DATE,,,en,1
July 6,July 6,DATE,,,en,1
Manhood Takes Brutal Kick During Trendy Yoga Session Before He Quickly Covers His Groin,Manhood Takes Brutal Kick During Trendy Yoga Session Before He Quickly Covers His Groin,WORK_OF_ART,,,en,1
Deep Waters',Deep Waters',WORK_OF_ART,,,en,1
0-2,0-2,CARDINAL,,,en,1
'On the Far Extreme of the Left','On the Far Extreme of the Left',WORK_OF_ART,,,en,1
late April,late April,DATE,,,en,1
up to 500,up to 500,CARDINAL,,,en,1
four hours,four hours,TIME,,,en,1
+4622 chars,+4622 chars,WORK_OF_ART,,,en,1
OCTOBER 1,OCTOBER 1,DATE,,,en,1
the Insurrection Act,the Insurrection Act,LAW,,,en,1
Grok,Grok,PRODUCT,,,en,1
at least 244,at least 244,CARDINAL,,,en,1
17 Jul 2026 14:00,17 Jul 2026 14:00,TIME,,,en,1
400,400,CARDINAL,,,en,1
+3618,+3618,NORP,,,en,1
+1596 chars,+1596 chars,WORK_OF_ART,,,en,1
half a minute,half a minute,TIME,,,en,1
The Dark Knight Trilog,The Dark Knight Trilog,WORK_OF_ART,,,en,1
The Dark Knight Trilogy,The Dark Knight Trilogy,WORK_OF_ART,,,en,1
nearly 16 million,nearly 16 million,CARDINAL,,,en,1
Saturday Night Live in the near future,Saturday Night Live in the near future,WORK_OF_ART,,,en,1
First Cast Exit Before Season 52,First Cast Exit Before Season 52,WORK_OF_ART,,,en,1
the third and final season,the third and final season,DATE,,,en,1
2minutesLots,2minutesLots,CARDINAL,,,en,1
Anglican,Anglican,NORP,,,en,1
The summer season,The summer season,DATE,,,en,1
New Netflix Series Debuts With All-Time Career Rotten Tomatoes Record,New Netflix Series Debuts With All-Time Career Rotten Tomatoes Record,EVENT,,,en,1
Laughing Now,Laughing Now,WORK_OF_ART,,,en,1
"Wednesday, July 15, 2026","Wednesday, July 15, 2026",DATE,,,en,1
$1 coin,$1 coin,MONEY,,,en,1
Newsmakers,Newsmakers,WORK_OF_ART,,,en,1
Parents Night Out,Parents Night Out,WORK_OF_ART,,,en,1
STEPGIRLS,STEPGIRLS,PRODUCT,,,en,1
Woke,Woke,WORK_OF_ART,,,en,1
almost exactly five years,almost exactly five years,DATE,,,en,1
Jackson-Wink,Jackson-Wink,FAC,,,en,1
mere seconds,mere seconds,TIME,,,en,1
the International Fight Week,the International Fight Week,EVENT,,,en,1
329 lasted just 69 seconds,329 lasted just 69 seconds,TIME,,,en,1
69 seconds,69 seconds,TIME,,,en,1
Las Veg,Las Veg,WORK_OF_ART,,,en,1
Just seconds,Just seconds,TIME,,,en,1
all of 69 seconds,all of 69 seconds,TIME,,,en,1
Bonus Winners And Highlights,Bonus Winners And Highlights,WORK_OF_ART,,,en,1
+3141 chars,+3141 chars,WORK_OF_ART,,,en,1
barely a minute,barely a minute,TIME,,,en,1
24-4,24-4,DATE,,,en,1
52 seconds,52 seconds,TIME,,,en,1
+1203,+1203,NORP,,,en,1
The Lies,The Lies,WORK_OF_ART,,,en,1
1965,1965,DATE,,,en,1
Olympic,Olympic,EVENT,,,en,1
heavyweight,heavyweight,ORDINAL,,,en,1
329 octagon,329 octagon,WORK_OF_ART,,,en,1
2026 World Cup,2026 World Cup,EVENT,,,en,1
2:47,2:47,TIME,,,en,1
1986,1986,DATE,,,en,1
final years,final years,DATE,,,en,1
All-American,All-American,NORP,,,en,1
three years,three years,DATE,,,en,1
2029,2029,DATE,,,en,1
last about two seconds,last about two seconds,TIME,,,en,1
McGr,McGr,PRODUCT,,,en,1
Mystic Mac,Mystic Mac,WORK_OF_ART,,,en,1
Comeback Ends With a Very Quick Injury,Comeback Ends With a Very Quick Injury,WORK_OF_ART,,,en,1
more than half,more than half,CARDINAL,,,en,1
camp wi,camp wi,FAC,,,en,1
the first two weeks,the first two weeks,DATE,,,en,1
their long summer holiday,their long summer holiday,DATE,,,en,1
summer holidays,summer holidays,DATE,,,en,1
Hardcore Communist Bastards,Hardcore Communist Bastards,WORK_OF_ART,,,en,1
+5141,+5141,NORP,,,en,1
Savage Post,Savage Post,WORK_OF_ART,,,en,1
57,57,DATE,,,en,1
the Elysee Palace,the Elysee Palace,FAC,,,en,1
+1005 chars,+1005 chars,WORK_OF_ART,,,en,1
Catholic,Catholic,NORP,,,en,1
The Thrill and Agony,The Thrill and Agony,WORK_OF_ART,,,en,1
UFC International Fight Week,UFC International Fight Week,EVENT,,,en,1
Trash Politics,Trash Politics,WORK_OF_ART,,,en,1
"275,000","275,000",MONEY,,,en,1
"11,000","11,000",MONEY,,,en,1
11k,11k,MONEY,,,en,1
1.8m,1.8m,QUANTITY,,,en,1
1.1m,1.1m,QUANTITY,,,en,1
around 2.8m,around 2.8m,QUANTITY,,,en,1
36 million,36 million,CARDINAL,,,en,1
the PM,the PM,TIME,,,en,1
69 Seconds,69 Seconds,TIME,,,en,1
+2975,+2975,NORP,,,en,1
only a quarter,only a quarter,DATE,,,en,1
RAF Crossover,RAF Crossover,WORK_OF_ART,,,en,1
Belarusian,Belarusian,NORP,,,en,1
years-long,years-long,DATE,,,en,1
Talk Show Return Offers a Lesson in the Lasting Value of Experience,Talk Show Return Offers a Lesson in the Lasting Value of Experience,WORK_OF_ART,,,en,1
1995 - 2026,1995 - 2026,DATE,,,en,1
"up to $100,000","up to $100,000",MONEY,,,en,1
Six years,Six years,DATE,,,en,1
"the ""Jimmy Kimmel Live","the ""Jimmy Kimmel Live",WORK_OF_ART,,,en,1
this November,this November,DATE,,,en,1
up to $200 million,up to $200 million,MONEY,,,en,1
Deen the Great,Deen the Great,WORK_OF_ART,,,en,1
the Best Late Night,the Best Late Night,TIME,,,en,1
the Real Opening Act,the Real Opening Act,LAW,,,en,1
Decades-Old,Decades-Old,DATE,,,en,1
Late-Night Return as a Heist,Late-Night Return as a Heist,TIME,,,en,1
2026-08-19,2026-08-19,DATE,,,en,1
the last three days,the last three days,DATE,,,en,1
"around 300,000 dollars","around 300,000 dollars",MONEY,,,en,1
decades-long,decades-long,DATE,,,en,1
6th,6th,ORDINAL,,,en,1
330 Prize Money Payouts,330 Prize Money Payouts,WORK_OF_ART,,,en,1
Fight Night Anthony Hernandez,Fight Night Anthony Hernandez,WORK_OF_ART,,,en,1
330 - MMA Junkie,330 - MMA Junkie,PRODUCT,,,en,1
prophetic years later,prophetic years later,DATE,,,en,1
Muay Thai,Muay Thai,NORP,,,en,1
Next UFC,Next UFC,WORK_OF_ART,,,en,1
Regime Change,Regime Change,WORK_OF_ART,,,en,1
August 19,August 19,DATE,,,en,1
Ecuadorian,Ecuadorian,NORP,,,en,1
Kazakh,Kazakh,NORP,,,en,1
6 million dollars,6 million dollars,MONEY,,,en,1
the same year,the same year,DATE,,,en,1
The morning,The morning,TIME,,,en,1
+2500 chars,+2500 chars,WORK_OF_ART,,,en,1
C… Hours,C… Hours,TIME,,,en,1
Trump in,Trump in,WORK_OF_ART,,,en,1
The late night,The late night,TIME,,,en,1
+2387,+2387,NORP,,,en,1
Aug.,Aug.,DATE,,,en,1
"the
Brazilian","the
Brazilian",NORP,,,en,1
four-night,four-night,TIME,,,en,1
three nights,three nights,DATE,,,en,1
a summer,a summer,DATE,,,en,1
December 2024,December 2024,DATE,,,en,1
march,march,DATE,,,en,1
the last month,the last month,DATE,,,en,1
Inner Circle Gets Stranger:,Inner Circle Gets Stranger:,WORK_OF_ART,,,en,1
six m,six m,QUANTITY,,,en,1
'Tragic','Tragic',WORK_OF_ART,,,en,1
Kimmel Hosting Gig,Kimmel Hosting Gig,FAC,,,en,1
more than 30 years,more than 30 years,DATE,,,en,1
NewsNight,NewsNight,WORK_OF_ART,,,en,1
$40 trillion,$40 trillion,MONEY,,,en,1
$40 Trillion,$40 Trillion,MONEY,,,en,1
9th,9th,ORDINAL,,,en,1
Sept. 24,Sept. 24,DATE,,,en,1
less than 30 second,less than 30 second,TIME,,,en,1
less than 30,less than 30,CARDINAL,,,en,1
Feelings,Feelings,WORK_OF_ART,,,en,1
The Truth Hurts,The Truth Hurts,WORK_OF_ART,,,en,1
Main Card Recap,Main Card Recap,WORK_OF_ART,,,en,1
The Colbert Report,The Colbert Report,WORK_OF_ART,,,en,1
two decades,two decades,DATE,,,en,1
+1786,+1786,NORP,,,en,1
Acting through the Federal Comm… Yeah,Acting through the Federal Comm… Yeah,WORK_OF_ART,,,en,1
more than one year,more than one year,DATE,,,en,1
Pulitzer Prize,Pulitzer Prize,WORK_OF_ART,,,en,1
Ahalkalakets,Ahalkalakets,WORK_OF_ART,,,en,1
15 years later,15 years later,DATE,,,en,1
only 15 years,only 15 years,DATE,,,en,1
Travel with Natalie,Travel with Natalie,WORK_OF_ART,,,en,1
He Wants To Build His Ballroom And Travel With Natalie,He Wants To Build His Ballroom And Travel With Natalie,WORK_OF_ART,,,en,1
Pantoja 2 Main Event,Pantoja 2 Main Event,FAC,,,en,1
Dvalishvili vs Cejudo 2”Date:,Dvalishvili vs Cejudo 2”Date:,WORK_OF_ART,,,en,1
Beneath The Office” After Trump Fumed Over Her Questions,Beneath The Office” After Trump Fumed Over Her Questions,WORK_OF_ART,,,en,1
a busy weekend,a busy weekend,DATE,,,en,1
EAFC 27,EAFC 27,PRODUCT,,,en,1
mid-July 2025,mid-July 2025,DATE,,,en,1
divis,divis,NORP,,,en,1
at least $100 million,at least $100 million,MONEY,,,en,1
at least $100,at least $100,MONEY,,,en,1
second White House,second White House,FAC,,,en,1
Ex-Congresswoman,Ex-Congresswoman,NORP,,,en,1
Win Streak Record,Win Streak Record,WORK_OF_ART,,,en,1
"The 
Ultimate Fighting Championship","The 
Ultimate Fighting Championship",WORK_OF_ART,,,en,1
Irishmans,Irishmans,NORP,,,en,1
"the 
Ultimate Fight","the 
Ultimate Fight",EVENT,,,en,1
22 years,22 years,DATE,,,en,1
'Lack of Killer Instinct','Lack of Killer Instinct',WORK_OF_ART,,,en,1
11Million,11Million,MONEY,,,en,1
an estimated $5.5 million,an estimated $5.5 million,MONEY,,,en,1
Palm Beach International Airp,Palm Beach International Airp,FAC,,,en,1
Perversion of Justice,Perversion of Justice,WORK_OF_ART,,,en,1
Pe,Pe,WORK_OF_ART,,,en,1
‘Late Show’ Series Finale appeared first,‘Late Show’ Series Finale appeared first,WORK_OF_ART,,,en,1
Late Show’ Series Finale,Late Show’ Series Finale,WORK_OF_ART,,,en,1
Mere weeks,Mere weeks,DATE,,,en,1
Orders Stash of Case Files Unsealed,Orders Stash of Case Files Unsealed,WORK_OF_ART,,,en,1
"August 17, 2026","August 17, 2026",DATE,,,en,1
Pizzagates,Pizzagates,NORP,,,en,1
Bidens,Bidens,NORP,,,en,1
the past three decades,the past three decades,DATE,,,en,1
+3613,+3613,NORP,,,en,1
The Rosie O'Donnell Show,The Rosie O'Donnell Show,WORK_OF_ART,,,en,1
"Monday, Aug. 17","Monday, Aug. 17",DATE,,,en,1
four nights,four nights,DATE,,,en,1
“The Rosie O’Donnell Show”,“The Rosie O’Donnell Show”,WORK_OF_ART,,,en,1
+2965 chars,+2965 chars,WORK_OF_ART,,,en,1
2002,2002,DATE,,,en,1
The Rosie ODonnell Show,The Rosie ODonnell Show,WORK_OF_ART,,,en,1
330 celebrationBloody Elbow Max Holloway,330 celebrationBloody Elbow Max Holloway,PRODUCT,,,en,1
His Getaway Plane,His Getaway Plane,WORK_OF_ART,,,en,1
Comfort Blanket,Comfort Blanket,WORK_OF_ART,,,en,1
Binky,Binky,WORK_OF_ART,,,en,1
+1338,+1338,NORP,,,en,1
Buckle up,Buckle up,WORK_OF_ART,,,en,1
1996-2002,1996-2002,DATE,,,en,1
Burning Out,Burning Out,WORK_OF_ART,,,en,1
+1323 chars,+1323 chars,WORK_OF_ART,,,en,1
Matchmaker,Matchmaker,NORP,,,en,1
Week ending Aug. 21,Week ending Aug. 21,DATE,,,en,1
Baxter,Baxter,PRODUCT,,,en,1
25.5 pounds,25.5 pounds,QUANTITY,,,en,1
the end of 2025,the end of 2025,DATE,,,en,1
218k,218k,MONEY,,,en,1
218,218,MONEY,,,en,1
Title Contender After War,Title Contender After War,EVENT,,,en,1
Romance With Wife to Harvey Weinstein,Romance With Wife to Harvey Weinstein,WORK_OF_ART,,,en,1
The Golden,The Golden,WORK_OF_ART,,,en,1
six-month,six-month,DATE,,,en,1
The Golden State,The Golden State,WORK_OF_ART,,,en,1
six-months,six-months,DATE,,,en,1
the final day,the final day,DATE,,,en,1
A Terrible Idea,A Terrible Idea,WORK_OF_ART,,,en,1
Saturda,Saturda,WORK_OF_ART,,,en,1
the Grand Prix,the Grand Prix,FAC,,,en,1
Just a few months ago,Just a few months ago,DATE,,,en,1
Late night,Late night,TIME,,,en,1
Late Night,Late Night,TIME,,,en,1
The Sunshine State,The Sunshine State,WORK_OF_ART,,,en,1
20-0 M,20-0 M,QUANTITY,,,en,1
Muslim American,Muslim American,NORP,,,en,1
Blog Round Up,Blog Round Up,WORK_OF_ART,,,en,1
August 24,August 24,DATE,,,en,1
17 percent,17 percent,PERCENT,,,en,1
18 percent,18 percent,PERCENT,,,en,1
November 14,November 14,DATE,,,en,1
Makhache,Makhache,WORK_OF_ART,,,en,1
Ultimate,Ultimate,WORK_OF_ART,,,en,1
great Olympic,great Olympic,EVENT,,,en,1
this past December,this past December,DATE,,,en,1
RAF 12 last Saturday,RAF 12 last Saturday,DATE,,,en,1
Merab Dvalishvili,Merab Dvalishvili,FAC,,,en,1
this September,this September,DATE,,,en,1
Johnnie To Makes English-Language Debut,Johnnie To Makes English-Language Debut,WORK_OF_ART,,,en,1
three s,three s,QUANTITY,,,en,1
Jelly Roll,Jelly Roll,WORK_OF_ART,,,en,1
January last…,January last…,DATE,,,en,1
+2006 chars,+2006 chars,WORK_OF_ART,,,en,1
Tues,Tues,DATE,,,en,1
Aug. 25,Aug. 25,DATE,,,en,1
May 202,May 202,DATE,,,en,1
274,274,CARDINAL,,,en,1
May 2022,May 2022,DATE,,,en,1
MMA GOAT,MMA GOAT,FAC,,,en,1
145,145,CARDINAL,,,en,1
Flintstones,Flintstones,WORK_OF_ART,,,en,1
Open Invite,Open Invite,WORK_OF_ART,,,en,1
Canadians,Canadians,NORP,,,en,1
well over 10 minutes,well over 10 minutes,TIME,,,en,1
Depicting Himself as Trump Critic,Depicting Himself as Trump Critic,WORK_OF_ART,,,en,1
You’re Like a Little Puppy,You’re Like a Little Puppy,WORK_OF_ART,,,en,1
Late-Night Monologue,Late-Night Monologue,TIME,,,en,1
earlier this summer,earlier this summer,DATE,,,en,1
four days,four days,DATE,,,en,1
3minutesEarly this year,3minutesEarly this year,DATE,,,en,1
September 2025,September 2025,DATE,,,en,1
at least three,at least three,CARDINAL,,,en,1
A few weeks,A few weeks,DATE,,,en,1
the Fight of the Night,the Fight of the Night,WORK_OF_ART,,,en,1
a Nobel Peace Prize,a Nobel Peace Prize,WORK_OF_ART,,,en,1
6 p.m.,6 p.m.,TIME,,,en,1
Antho,Antho,WORK_OF_ART,,,en,1
July 2019,July 2019,DATE,,,en,1
Use That Stable Genius Brain,Use That Stable Genius Brain,WORK_OF_ART,,,en,1
Golden,Golden,WORK_OF_ART,,,en,1
7PM ET / 4PM PT,7PM ET / 4PM PT,TIME,,,en,1
£297m,£297m,MONEY,,,en,1
this past July,this past July,DATE,,,en,1
late-night h,late-night h,TIME,,,en,1
'Total Slob','Total Slob',WORK_OF_ART,,,en,1
Late Night Monologue,Late Night Monologue,TIME,,,en,1
Gushing Letters to Trump Paint a Disturbing Portrait of Their Dynamic,Gushing Letters to Trump Paint a Disturbing Portrait of Their Dynamic,WORK_OF_ART,,,en,1
Golden1 Cent,Golden1 Cent,FAC,,,en,1
a Year,a Year,DATE,,,en,1
eventMMA Junkie UFC,eventMMA Junkie UFC,PRODUCT,,,en,1
Turned Out She’d,Turned Out She’d,WORK_OF_ART,,,en,1
11th,11th,ORDINAL,,,en,1
Jimmy Kimmel Live’ Hosting Run: A ‘Nasty Woman,Jimmy Kimmel Live’ Hosting Run: A ‘Nasty Woman,WORK_OF_ART,,,en,1
orange Voldemort,orange Voldemort,WORK_OF_ART,,,en,1
AUG 22,AUG 22,DATE,,,en,1
15-1,15-1,CARDINAL,,,en,1
Emmy,Emmy,EVENT,,,en,1
Full Trump Letters Exposed,Full Trump Letters Exposed,WORK_OF_ART,,,en,1
Texan,Texan,NORP,,,en,1
22-20,22-20,CARDINAL,,,en,1
QB,QB,PRODUCT,,,en,1
25 Nov. 2024,25 Nov. 2024,DATE,,,en,1
I Want That Job,I Want That Job,WORK_OF_ART,,,en,1
Heartstrings' Amid Family Scandal,Heartstrings' Amid Family Scandal,WORK_OF_ART,,,en,1
15th,15th,ORDINAL,,,en,1
Fight Night: Hernandez,Fight Night: Hernandez,WORK_OF_ART,,,en,1
winMMA,winMMA,DATE,,,en,1
late last year,late last year,DATE,,,en,1
Just two,Just two,CARDINAL,,,en,1
their Fight of the Night,their Fight of the Night,WORK_OF_ART,,,en,1
Just minutes,Just minutes,TIME,,,en,1
+191 chars,+191 chars,WORK_OF_ART,,,en,1
"360,000","360,000",MONEY,,,en,1
36 s,36 s,QUANTITY,,,en,1
UFC Fight Night: Hernandez,UFC Fight Night: Hernandez,WORK_OF_ART,,,en,1
Fight of the Night,Fight of the Night,WORK_OF_ART,,,en,1
185 pounds,185 pounds,QUANTITY,,,en,1
the South African,the South African,NORP,,,en,1
Fight Night 285,Fight Night 285,WORK_OF_ART,,,en,1
Triple C,Triple C,WORK_OF_ART,,,en,1
12 last night,12 last night,TIME,,,en,1
The Folly of the Wise,The Folly of the Wise,WORK_OF_ART,,,en,1
Just weeks,Just weeks,DATE,,,en,1
only 36 seconds,only 36 seconds,TIME,,,en,1
less than two,less than two,CARDINAL,,,en,1
"August 23, 2026","August 23, 2026",DATE,,,en,1
Merab 2,Merab 2,LAW,,,en,1
more than seven years Saturday,more than seven years Saturday,DATE,,,en,1
seven years,seven years,DATE,,,en,1
Cejudo 2,Cejudo 2,PRODUCT,,,en,1
"Jun 28, 2025","Jun 28, 2025",DATE,,,en,1
+5089 chars,+5089 chars,WORK_OF_ART,,,en,1
Drives Me F,Drives Me F,WORK_OF_ART,,,en,1
Drives Me,Drives Me,WORK_OF_ART,,,en,1
What Matters,What Matters,WORK_OF_ART,,,en,1
45 minutes,45 minutes,TIME,,,en,1
Chilling Netflix Thriller,Chilling Netflix Thriller,WORK_OF_ART,,,en,1
July 4th,July 4th,DATE,,,en,1
$30M Loss,$30M Loss,MONEY,,,en,1
Intuit Dome,Intuit Dome,FAC,,,en,1
September 17,September 17,DATE,,,en,1
Sets Netflix Release Date,Sets Netflix Release Date,WORK_OF_ART,,,en,1
Monster: The Lizzie Borden Story,Monster: The Lizzie Borden Story,WORK_OF_ART,,,en,1
+3020,+3020,NORP,,,en,1
a hundred thousand million billion,a hundred thousand million billion,MONEY,,,en,1
'40s,'40s,DATE,,,en,1
49th,49th,ORDINAL,,,en,1
August 04,August 04,DATE,,,en,1
$270-plus million,$270-plus million,MONEY,,,en,1
"Madison
","Madison
",FAC,,,en,1
09,09,CARDINAL,,,en,1
+3025 chars,+3025 chars,WORK_OF_ART,,,en,1
Submission of the Month for July:,Submission of the Month for July:,WORK_OF_ART,,,en,1
16th,16th,ORDINAL,,,en,1
only 48 years old,only 48 years old,DATE,,,en,1
Widow on What Would Have Been,Widow on What Would Have Been,WORK_OF_ART,,,en,1
Widow on What Would Have Been Their 16th Wedding Anniversary,Widow on What Would Have Been Their 16th Wedding Anniversary,WORK_OF_ART,,,en,1
august,august,DATE,,,en,1
more than 400,more than 400,CARDINAL,,,en,1
+2134,+2134,NORP,,,en,1
nearly $273 million,nearly $273 million,MONEY,,,en,1
PFL Champions Series,PFL Champions Series,EVENT,,,en,1
nearly 20 months ago,nearly 20 months ago,DATE,,,en,1
Backup Fighter,Backup Fighter,PRODUCT,,,en,1
welterweights,welterweights,EVENT,,,en,1
+2740 chars,+2740 chars,WORK_OF_ART,,,en,1
"the
years","the
years",DATE,,,en,1
+1050 chars,+1050 chars,WORK_OF_ART,,,en,1
+1288 chars,+1288 chars,WORK_OF_ART,,,en,1
Covid,Covid,NORP,,,en,1
170,170,CARDINAL,,,en,1
Crypto.co,Crypto.co,PRODUCT,,,en,1
23-3,23-3,DATE,,,en,1
No Marvel,No Marvel,WORK_OF_ART,,,en,1
327,327,PRODUCT,,,en,1
331UFC.com,331UFC.com,CARDINAL,,,en,1
Love Song” For Trump,Love Song” For Trump,WORK_OF_ART,,,en,1
July 26,July 26,DATE,,,en,1
Infosys Theater,Infosys Theater,FAC,,,en,1
09 last week,09 last week,DATE,,,en,1
eastern European,eastern European,NORP,,,en,1
more than $1 billion,more than $1 billion,MONEY,,,en,1
25-11,25-11,CARDINAL,,,en,1
37-11,37-11,DATE,,,en,1
+1131 chars,+1131 chars,WORK_OF_ART,,,en,1
Smoke,Smoke,FAC,,,en,1
August 22,August 22,DATE,,,en,1
5 dollars,5 dollars,MONEY,,,en,1
$6M,$6M,MONEY,,,en,1
Late-Night Hosting Role,Late-Night Hosting Role,TIME,,,en,1
Aug. 6,Aug. 6,DATE,,,en,1
the age of 32,the age of 32,DATE,,,en,1
December 05,December 05,DATE,,,en,1
only one,only one,CARDINAL,,,en,1
+1443 chars,+1443 chars,WORK_OF_ART,,,en,1
Fight Isl,Fight Isl,WORK_OF_ART,,,en,1
Wrap,Wrap,EVENT,,,en,1
JoBlo,JoBlo,PRODUCT,,,en,1
$1 million,$1 million,MONEY,,,en,1
Jeopardy,Jeopardy,WORK_OF_ART,,,en,1
"| Friday, July 31st","| Friday, July 31st",DATE,,,en,1
154.8 lbs,154.8 lbs,QUANTITY,,,en,1
154.8,154.8,CARDINAL,,,en,1
Belgrade Arena,Belgrade Arena,FAC,,,en,1
+1992,+1992,NORP,,,en,1
Fight Night 28,Fight Night 28,WORK_OF_ART,,,en,1
Last weekend's,Last weekend's,DATE,,,en,1
Russians,Russians,NORP,,,en,1
the National Mall,the National Mall,FAC,,,en,1
Ditch Attempt,Ditch Attempt,WORK_OF_ART,,,en,1
27 years old,27 years old,DATE,,,en,1
+2222 chars],+2222 chars],WORK_OF_ART,,,en,1
July 28,July 28,DATE,,,en,1
16-4,16-4,DATE,,,en,1
season 1,season 1,DATE,,,en,1
Prime Video,Prime Video,FAC,,,en,1
Spider-Noir,Spider-Noir,WORK_OF_ART,,,en,1
Spider-Noir Replacement Officially Releases This Week,Spider-Noir Replacement Officially Releases This Week,LAW,,,en,1
Biden,Biden,NORP,,,en,1
309,309,FAC,,,en,1
#,#,CARDINAL,,,en,1
Jul 31,Jul 31,DATE,,,en,1
2000,2000,DATE,,,en,1
+1685 chars,+1685 chars,WORK_OF_ART,,,en,1
"PFL MMA
","PFL MMA
",PRODUCT,,,en,1
THREE,THREE,CARDINAL,,,en,1
+1763 chars,+1763 chars,WORK_OF_ART,,,en,1
Latin American,Latin American,NORP,,,en,1
the coming week,the coming week,DATE,,,en,1
this past Friday,this past Friday,DATE,,,en,1
PFL,PFL,WORK_OF_ART,,,en,1
Mi,Mi,WORK_OF_ART,,,en,1
Michael,Michael,WORK_OF_ART,,,en,1
August 8,August 8,DATE,,,en,1
+1446,+1446,NORP,,,en,1
the World Series,the World Series,EVENT,,,en,1
World Series,World Series,EVENT,,,en,1
1 Aug. 2024,1 Aug. 2024,DATE,,,en,1
New YorkBloody Elbow,New YorkBloody Elbow,PRODUCT,,,en,1
“Summer Series,“Summer Series,EVENT,,,en,1
JULY 31,JULY 31,DATE,,,en,1
+218 chars,+218 chars,WORK_OF_ART,,,en,1
Slime,Slime,PRODUCT,,,en,1
1:30 p.m.,1:30 p.m.,TIME,,,en,1
4:30 p.m.,4:30 p.m.,TIME,,,en,1
Nobel Peace Prize,Nobel Peace Prize,WORK_OF_ART,,,en,1
the 1950s through the 2010s,the 1950s through the 2010s,DATE,,,en,1
47,47,CARDINAL,,,en,1
a long night,a long night,TIME,,,en,1
DECEMBER 05,DECEMBER 05,DATE,,,en,1
Knee Surgery,Knee Surgery,WORK_OF_ART,,,en,1
the last 12 months or so,the last 12 months or so,DATE,,,en,1
+1200 chars,+1200 chars,WORK_OF_ART,,,en,1
Playboy,Playboy,WORK_OF_ART,,,en,1
October 2003,October 2003,DATE,,,en,1
late June,late June,DATE,,,en,1
£295m,£295m,MONEY,,,en,1
15 Years,15 Years,DATE,,,en,1
I Give Her a Grace,I Give Her a Grace,WORK_OF_ART,,,en,1
+5260 chars,+5260 chars,WORK_OF_ART,,,en,1
+5965 chars,+5965 chars,WORK_OF_ART,,,en,1
"Thursday, August 13, 2026 |","Thursday, August 13, 2026 |",DATE,,,en,1
24 minutes',24 minutes',TIME,,,en,1
+10143,+10143,NORP,,,en,1
+7150,+7150,CARDINAL,,,en,1
Inevitable,Inevitable,WORK_OF_ART,,,en,1
around €51,around €51,MONEY,,,en,1
330 Fight,330 Fight,QUANTITY,,,en,1
And Just Like That,And Just Like That,WORK_OF_ART,,,en,1
’s NOT The Christmas Cake,’s NOT The Christmas Cake,WORK_OF_ART,,,en,1
some Just days,some Just days,DATE,,,en,1
US$250 million,US$250 million,MONEY,,,en,1
US$250 Million,US$250 Million,MONEY,,,en,1
This past July,This past July,DATE,,,en,1
Two months,Two months,DATE,,,en,1
almost three months,almost three months,DATE,,,en,1
$500M,$500M,MONEY,,,en,1
GameStop,GameStop,PRODUCT,,,en,1
around 51,around 51,CARDINAL,,,en,1
19 months ago,19 months ago,DATE,,,en,1
fight week,fight week,DATE,,,en,1
600 year old,600 year old,DATE,,,en,1
The Fields of Athenry,The Fields of Athenry,WORK_OF_ART,,,en,1
The year,The year,DATE,,,en,1
+1456 chars,+1456 chars,WORK_OF_ART,,,en,1
2026 Middleweights,2026 Middleweights,WORK_OF_ART,,,en,1
this evening,this evening,TIME,,,en,1
+2749 chars,+2749 chars,WORK_OF_ART,,,en,1
Thirty years later,Thirty years later,DATE,,,en,1
Franklin Field,Franklin Field,FAC,,,en,1
a night,a night,TIME,,,en,1
November 7,November 7,DATE,,,en,1
+1810,+1810,CARDINAL,,,en,1
the same night UFC 330 shattered,the same night UFC 330 shattered,TIME,,,en,1
Mighty Mouse,Mighty Mouse,WORK_OF_ART,,,en,1
4946,4946,CARDINAL,,,en,1
Aug 16,Aug 16,DATE,,,en,1
"Saturday, August 15","Saturday, August 15",DATE,,,en,1
+2360 chars,+2360 chars,WORK_OF_ART,,,en,1
No.1 pound,No.1 pound,QUANTITY,,,en,1
More than seven years,More than seven years,DATE,,,en,1
+131 chars,+131 chars,WORK_OF_ART,,,en,1
Fight Night 265,Fight Night 265,WORK_OF_ART,,,en,1
| Fight Video,| Fight Video,WORK_OF_ART,,,en,1
+2443 chars,+2443 chars,WORK_OF_ART,,,en,1
+4826 chars,+4826 chars,WORK_OF_ART,,,en,1
AUGUST 14,AUGUST 14,DATE,,,en,1
+2765 chars,+2765 chars,WORK_OF_ART,,,en,1
just 18,just 18,CARDINAL,,,en,1
just €18,just €18,MONEY,,,en,1
Updates Return Timeline in Video After Injury,Updates Return Timeline in Video After Injury,LAW,,,en,1
36%,36%,PERCENT,,,en,1
"Lake Tahoe
","Lake Tahoe
",FAC,,,en,1
Jersey Shore,Jersey Shore,FAC,,,en,1
Depar,Depar,NORP,,,en,1
Welterweight Championship against Ian Machado Garr,Welterweight Championship against Ian Machado Garr,WORK_OF_ART,,,en,1
Indians,Indians,NORP,,,en,1
"20,00","20,00",CARDINAL,,,en,1
Abu Dhabi DCT,Abu Dhabi DCT,PRODUCT,,,en,1
the first day,the first day,DATE,,,en,1
3.22 pm,3.22 pm,TIME,,,en,1
36 per cent,36 per cent,MONEY,,,en,1
0.36,0.36,CARDINAL,,,en,1
day 1,day 1,DATE,,,en,1
701,701,MONEY,,,en,1
51,51,MONEY,,,en,1
"Saturday, August 15th with Season 10 Premiere","Saturday, August 15th with Season 10 Premiere",DATE,,,en,1
"this Friday, August 14","this Friday, August 14",DATE,,,en,1
"Saturday, August 15th with Season 10 Premiere of ""Dana","Saturday, August 15th with Season 10 Premiere of ""Dana",DATE,,,en,1
$8.2 Billion,$8.2 Billion,MONEY,,,en,1
$665 Million,$665 Million,MONEY,,,en,1
+69,+69,NORP,,,en,1
over $8B,over $8B,MONEY,,,en,1
"60,500","60,500",MONEY,,,en,1
310.000,310.000,MONEY,,,en,1
"60,000","60,000",MONEY,,,en,1
Fight Night 284,Fight Night 284,WORK_OF_ART,,,en,1
early Saturday,early Saturday,TIME,,,en,1
1.1Billion,1.1Billion,MONEY,,,en,1
1.1B,1.1B,MONEY,,,en,1
$100M,$100M,MONEY,,,en,1
+2031,+2031,NORP,,,en,1
10 billion to 15 billion,10 billion to 15 billion,MONEY,,,en,1
€10 billion to €15 billion,€10 billion to €15 billion,MONEY,,,en,1
the Landvetter-Abu Dhabi,the Landvetter-Abu Dhabi,FAC,,,en,1
+2398 chars,+2398 chars,WORK_OF_ART,,,en,1
Nearly eight months,Nearly eight months,DATE,,,en,1
+3070 chars,+3070 chars,WORK_OF_ART,,,en,1
PM Modi,PM Modi,FAC,,,en,1
Turkiye,Turkiye,NORP,,,en,1
between Aug and Oct 31,between Aug and Oct 31,DATE,,,en,1
"Tuesday, August 1","Tuesday, August 1",DATE,,,en,1
Healing,Healing,WORK_OF_ART,,,en,1
March 08,March 08,DATE,,,en,1
SXSW 2025,SXSW 2025,FAC,,,en,1
MARCH 08,MARCH 08,DATE,,,en,1
Sep. 10,Sep. 10,DATE,,,en,1
Audible Thursday,Audible Thursday,EVENT,,,en,1
Season 2 of 'The Unusual Suspects',Season 2 of 'The Unusual Suspects',DATE,,,en,1
The Unusual Suspects’ Podcast,The Unusual Suspects’ Podcast,WORK_OF_ART,,,en,1
Emmy Push With Celeb-Heavy Video,Emmy Push With Celeb-Heavy Video,WORK_OF_ART,,,en,1
the next nine weeks,the next nine weeks,DATE,,,en,1
early October 2026,early October 2026,DATE,,,en,1
2026-08-11,2026-08-11,DATE,,,en,1
August 3,August 3,DATE,,,en,1
age 34,age 34,DATE,,,en,1
11 pounds,11 pounds,QUANTITY,,,en,1
Morning Joe”,Morning Joe”,WORK_OF_ART,,,en,1
