,phrase,label,sentiment,subjectivity,language,count
Donald Trump,Donald Trump,PERSON,0.05687256413981911,0.3230436699915558,en,488
Islam Makhachev,Islam Makhachev,PERSON,0.10950910486404312,0.3142331189615143,en,405
Conor McGregor,Conor McGregor,PERSON,0.06700518279486535,0.2954636508406349,en,315
Ian Machado Garry,Ian Machado Garry,PERSON,0.10043030473534202,0.32302373863008205,en,268
Justin Gaethje,Justin Gaethje,PERSON,0.06266723710938589,0.3099967999554775,en,242
Taylor Swift,Taylor Swift,PERSON,0.0849711925805676,0.34441934473705305,en,240
Tom Cruise,Tom Cruise,PERSON,0.06735902123785899,0.3892712737230281,en,228
Dana White,Dana White,PERSON,0.03951475302108561,0.2416998519917023,en,227
Usman Nurmagomedov,Usman Nurmagomedov,PERSON,0.14474331457917305,0.35390471337166535,en,207
Ilia Topuria,Ilia Topuria,PERSON,0.05632252950214116,0.284083533555621,en,206
Arman Tsarukyan,Arman Tsarukyan,PERSON,0.13895633632240773,0.29457573180787483,en,196
Magomed Ankalaev,Magomed Ankalaev,PERSON,0.13803728883148775,0.3592189655034959,en,181
Umar Nurmagomedov,Umar Nurmagomedov,PERSON,0.03867535403872616,0.37162460009843745,en,172
Max Holloway,Max Holloway,PERSON,0.06106810754604867,0.27256045751634,en,170
Andy Burnham,Andy Burnham,PERSON,0.05740138494691478,0.2437993523217031,en,151
Song Yadong,Song Yadong,PERSON,0.07496202371202369,0.36355980980980984,en,148
Natalie Harp,Natalie Harp,PERSON,0.008889787740391354,0.3144057520931264,en,142
Rosie O’Donnell,Rosie O’Donnell,PERSON,0.07562083419226276,0.37943693740122314,en,140
Gregory Rodrigues,Gregory Rodrigues,PERSON,0.10561718374218369,0.2990859343957171,en,138
Anthony Hernandez,Anthony Hernandez,PERSON,0.08868259803921566,0.28527748599439784,en,136
Jeffrey Epstein,Jeffrey Epstein,PERSON,-0.009319712909829204,0.30311526113851717,en,129
Joshua Van,Joshua Van,PERSON,0.11885358420514669,0.2856854605794336,en,112
Bogdan Guskov,Bogdan Guskov,PERSON,0.12243272930772926,0.34789364570614595,en,104
Salahdine Parnasse,Salahdine Parnasse,PERSON,0.14724401913875607,0.33159356725146194,en,95
Abu Dhabi,Abu Dhabi,PERSON,0.10444842446201145,0.35349635720559647,en,92
Jon Ossoff,Jon Ossoff,PERSON,0.026057860349527007,0.367641354016354,en,90
Alexandre Pantoja,Alexandre Pantoja,PERSON,0.10951494107744106,0.30036728212864566,en,88
Dan Hooker,Dan Hooker,PERSON,0.1032562963522267,0.3772684905533742,en,86
Merab Dvalishvili,Merab Dvalishvili,PERSON,0.10170605211781683,0.22303081232493002,en,85
Mauricio Ruffy,Mauricio Ruffy,PERSON,0.10216366627951995,0.3252971351142084,en,82
Henry Cejudo,Henry Cejudo,PERSON,0.13569177964239695,0.27474704422235285,en,81
Jimmy Kimmel,Jimmy Kimmel,PERSON,0.03173307145529367,0.36515808437104746,en,81
Ian Garry,Ian Garry,PERSON,0.0260450626191367,0.3414540466392318,en,81
Gable Steveson,Gable Steveson,PERSON,0.11277223949759159,0.39020430664796857,en,71
Jon Jones,Jon Jones,PERSON,0.06883222775013818,0.3132877280265339,en,67
Travis Kelce,Travis Kelce,PERSON,0.10011186079545452,0.33929292929292937,en,64
Jimmy Kimmel Live,Jimmy Kimmel Live,PERSON,0.0833156013688801,0.48009428792215675,en,61
Carlos Prates,Carlos Prates,PERSON,0.07835610200364299,0.24309198542805102,en,61
Alexander Volkanovski,Alexander Volkanovski,PERSON,0.042017879948914434,0.19133141762452105,en,58
Daniel Cormier,Daniel Cormier,PERSON,0.10987364243943191,0.299868769145085,en,57
Khabib Nurmagomedov,Khabib Nurmagomedov,PERSON,0.12566713048855907,0.37705724335188623,en,56
Charles III,Charles III,PERSON,0.04626854801383102,0.2724587179068311,en,53
Alex Pereira,Alex Pereira,PERSON,0.1045233932733933,0.30059346903096895,en,52
Bill Maher,Bill Maher,PERSON,0.00325575466200466,0.39127185314685303,en,52
Daniel Siad,Daniel Siad,PERSON,-0.02107001386413151,0.26534214695979413,en,51
Kamaru Usman,Kamaru Usman,PERSON,0.10311749615671183,0.262942732648615,en,51
Paddy Pimblett,Paddy Pimblett,PERSON,0.10714067678353394,0.32959619745334034,en,49
Movsar Evloev,Movsar Evloev,PERSON,-0.016820987654320992,0.2136863425925926,en,48
Archie Colgan,Archie Colgan,PERSON,0.1425113563097122,0.43521396962160996,en,47
Machado Garry,Machado Garry,PERSON,0.1242159052531393,0.24530099628503887,en,47
Charles Oliveira,Charles Oliveira,PERSON,0.07271361026680173,0.2522593718338399,en,47
Javier Mendez,Javier Mendez,PERSON,0.1056818181818182,0.44987373737373737,en,44
Ali Abdelaziz,Ali Abdelaziz,PERSON,0.16976744186046508,0.31714470284237734,en,43
Friedrich Merz,Friedrich Merz,PERSON,0.03400724936439222,0.26682531093245376,en,42
Denise Kielholtz,Denise Kielholtz,PERSON,0.1710709006440714,0.4605486924999118,en,41
Valter Walker,Valter Walker,PERSON,0.10009502692429521,0.4083914053426249,en,41
Sydney Sweeney,Sydney Sweeney,PERSON,0.10963568612958859,0.3900717541266322,en,41
Keir Starmer,Keir Starmer,PERSON,0.05050862794612794,0.22693739478114477,en,40
Dakota Ditcheva,Dakota Ditcheva,PERSON,0.1459118967452301,0.466861672278339,en,36
Jimmy Fallon,Jimmy Fallon,PERSON,0.0535641467585912,0.25698239003794554,en,36
Jake Paul,Jake Paul,PERSON,-0.01533094980416409,0.2873920153920153,en,35
Belal Muhammad,Belal Muhammad,PERSON,-0.06410675381263616,0.31037581699346406,en,34
Michael Morales,Michael Morales,PERSON,0.09869281045751634,0.25049019607843137,en,34
Elisha Ellison,Elisha Ellison,PERSON,0.04228969381313131,0.4286257102272728,en,32
Tom Aspinall,Tom Aspinall,PERSON,0.07573008308895407,0.23888074291300096,en,31
Todd Blanche,Todd Blanche,PERSON,0.04726683501683503,0.3607382154882155,en,30
Dolly Parton,Dolly Parton,PERSON,0.08622522847522847,0.3456255411255411,en,30
Stephen Colbert,Stephen Colbert,PERSON,0.022536756453423124,0.42433754208754215,en,30
Petr Yan,Petr Yan,PERSON,0.03933333333333333,0.13938095238095238,en,30
Sean Brady,Sean Brady,PERSON,0.19441570881226056,0.3483524904214559,en,29
Josh Hokit,Josh Hokit,PERSON,0.06260262725779968,0.278440065681445,en,29
Carlos Ulberg,Carlos Ulberg,PERSON,0.2952440123075044,0.44788078568501855,en,27
Anne Hathaway,Anne Hathaway,PERSON,0.1513823232323232,0.42151515151515156,en,25
Katie Couric,Katie Couric,PERSON,0.03584911616161618,0.3360911195286196,en,24
Mark Zuckerberg,Mark Zuckerberg,PERSON,0.015722156631247538,0.17620769382133017,en,22
Dakota Johnson,Dakota Johnson,PERSON,0.10266955266955267,0.3601551226551226,en,21
Michelle Obama,Michelle Obama,PERSON,0.08622174122174123,0.28941142191142194,en,21
Jon Anik,Jon Anik,PERSON,-0.006982142857142853,0.21022619047619046,en,20
Donald Trumps,Donald Trumps,PERSON,0.04513685608923705,0.2245958737030166,en,18
Rosie ODonnell,Rosie ODonnell,PERSON,0.0719432753460531,0.38408436213991765,en,18
Sean Strickland,Sean Strickland,PERSON,0.07067901234567901,0.1904320987654321,en,18
Joe Rogan,Joe Rogan,PERSON,0.16686274509803922,0.3561111111111111,en,17
Yadong Song,Yadong Song,PERSON,0.0770424836601307,0.31266339869281046,en,17
James Talarico,James Talarico,PERSON,0.044710975299210594,0.3184483490365843,en,17
Christopher Nolan,Christopher Nolan,PERSON,0.1581699346405229,0.3267156862745098,en,17
Brad Pitt,Brad Pitt,PERSON,0.18543099057804938,0.3824847211611917,en,17
Logan Paul,Logan Paul,PERSON,0.045572916666666664,0.24869791666666663,en,16
Jason Kelce,Jason Kelce,PERSON,0.12019751082251082,0.3821473665223665,en,16
Ken Paxton,Ken Paxton,PERSON,0.06898899711399711,0.43948299963924975,en,16
King Charles,King Charles,PERSON,0.09872159090909091,0.34287405303030305,en,16
Karoline Leavitt,Karoline Leavitt,PERSON,0.16457716049382717,0.293358024691358,en,15
King Charles III,King Charles III,PERSON,0.06787373737373738,0.22511616161616163,en,15
Herb Dean,Herb Dean,PERSON,0.09526190476190477,0.3157513227513227,en,15
Pete Hegseth,Pete Hegseth,PERSON,-0.0168452380952381,0.36446428571428574,en,14
Zohran Mamdani,Zohran Mamdani,PERSON,0.09535492916174733,0.44096935261708,en,14
Joe Biden,Joe Biden,PERSON,0.06522881880024736,0.2587275819418676,en,14
Jacob Elordi,Jacob Elordi,PERSON,-0.08281926406926407,0.530952380952381,en,14
Alejandro González Iñárritu,Alejandro González Iñárritu,PERSON,0.08859126984126983,0.44512896825396825,en,14
Christina Ricci,Christina Ricci,PERSON,0.06955128205128205,0.31634615384615383,en,13
Gavin Newsom,Gavin Newsom,PERSON,-0.017715617715617717,0.2689393939393939,en,13
Melania Trump,Melania Trump,PERSON,0.017467948717948725,0.2584935897435897,en,13
Chris Cuomo,Chris Cuomo,PERSON,-0.09801460113960116,0.3123575498575499,en,13
Ciryl Gane,Ciryl Gane,PERSON,0.003292124542124545,0.33213827838827836,en,13
Ian Machado,Ian Machado,PERSON,0.06111111111111111,0.21493055555555554,en,12
Queen Camilla,Queen Camilla,PERSON,-0.0006944444444444443,0.3,en,12
Prince William,Prince William,PERSON,0.035037277537277534,0.34843885281385284,en,12
Kamala Harris,Kamala Harris,PERSON,-0.033796296296296297,0.22137345679012346,en,12
JD Vance,JD Vance,PERSON,-0.03977272727272726,0.2340909090909091,en,12
Meghan Markle,Meghan Markle,PERSON,0.04840909090909089,0.4051515151515151,en,11
Lionel Messi,Lionel Messi,PERSON,0.15275,0.26349999999999996,en,10
Colin Farrell,Colin Farrell,PERSON,0.10113636363636362,0.3775378787878788,en,10
Mateusz Gamrot,Mateusz Gamrot,PERSON,0.2032222222222222,0.323,en,10
Xi Jinping,Xi Jinping,PERSON,0.12407070707070707,0.2197171717171717,en,10
Demetrious Johnson,Demetrious Johnson,PERSON,0.08271604938271604,0.15987654320987657,en,9
Monique Barbut,Monique Barbut,PERSON,0.058333333333333334,0.262962962962963,en,9
Hugh Hefner,Hugh Hefner,PERSON,0.10327080327080325,0.34696969696969693,en,9
Jorge Masvidal,Jorge Masvidal,PERSON,-0.044444444444444425,0.3101851851851852,en,9
Nancy Mace,Nancy Mace,PERSON,-0.03657407407407408,0.2649074074074074,en,9
RAF 12,RAF 12,PERSON,0.15460157126823793,0.3838945005611672,en,9
Anthony Fauci,Anthony Fauci,PERSON,0.09826839826839827,0.23019801186467856,en,9
Shavkat Rakhmonov,Shavkat Rakhmonov,PERSON,0.06851851851851852,0.2833333333333333,en,9
MMA Junkie,MMA Junkie,PERSON,0.2860129068462402,0.3752525252525253,en,9
Prince George,Prince George,PERSON,0.0023148148148148147,0.020987654320987655,en,9
Mark Twain,Mark Twain,PERSON,0.06839506172839506,0.15907407407407406,en,9
Emmanuel Macron,Emmanuel Macron,PERSON,0.06006944444444446,0.25154320987654327,en,9
Darren Till,Darren Till,PERSON,-0.2601851851851852,0.5018518518518518,en,9
Islam Makhachev’s,Islam Makhachev’s,PERSON,0.1388888888888889,0.15925925925925927,en,9
Quillan Salkilld,Quillan Salkilld,PERSON,0.25851851851851854,0.2903703703703704,en,9
Marco Rubio,Marco Rubio,PERSON,0.10666666666666666,0.21,en,9
Mike Collins,Mike Collins,PERSON,0.11616161616161616,0.27146464646464646,en,9
Mackenzie Dern,Mackenzie Dern,PERSON,0.28611111111111115,0.39444444444444443,en,9
Tom Cruise’s,Tom Cruise’s,PERSON,0.19276094276094277,0.29747474747474745,en,9
Demian Maia,Demian Maia,PERSON,0.08482142857142858,0.3815476190476191,en,8
Disha Patani,Disha Patani,PERSON,0.075,0.2851190476190476,en,8
Mick Jagger,Mick Jagger,PERSON,0.12675189393939393,0.43517992424242424,en,8
Jon Stewart,Jon Stewart,PERSON,0.008988320707070707,0.12898516414141414,en,8
Khamzat Chimaev,Khamzat Chimaev,PERSON,0.04236111111111111,0.3194444444444445,en,8
Dustin Poirier,Dustin Poirier,PERSON,0.10416666666666669,0.1736111111111111,en,8
Digger Rockwell,Digger Rockwell,PERSON,-0.052395833333333315,0.4552083333333333,en,8
Neil Jordan,Neil Jordan,PERSON,-0.21614583333333331,0.5791666666666667,en,8
Greg Sargent,Greg Sargent,PERSON,0.0422754329004329,0.3666125541125541,en,8
Taylor Swift‘s,Taylor Swift‘s,PERSON,0.11422799422799422,0.4265999278499278,en,8
Cain Velasquez,Cain Velasquez,PERSON,0.28437500000000004,0.17708333333333331,en,8
Prince Harry,Prince Harry,PERSON,-0.02208333333333333,0.18812500000000001,en,8
Jake Tapper,Jake Tapper,PERSON,-0.0125,0.21145833333333333,en,8
Steve Inskeep,Steve Inskeep,PERSON,0.18696732954545459,0.41306818181818183,en,8
Bill O’Reilly,Bill O’Reilly,PERSON,-0.11833043981481482,0.42627314814814815,en,8
Eddie Hearn,Eddie Hearn,PERSON,0.07343749999999999,0.175,en,8
Mariska Hargitay,Mariska Hargitay,PERSON,0.08580447330447331,0.2906362734487734,en,8
Sean Sharaf,Sean Sharaf,PERSON,0.035416666666666666,0.2494791666666667,en,8
Scott Jennings,Scott Jennings,PERSON,0.09523809523809523,0.4738095238095238,en,7
Ro Khanna,Ro Khanna,PERSON,0.028571428571428574,0.2571428571428571,en,7
Khalil Rountree Jr,Khalil Rountree Jr,PERSON,0.07408008658008658,0.18016774891774892,en,7
Conor McGregors,Conor McGregors,PERSON,0.03309523809523809,0.25083333333333335,en,7
Jared Kushner,Jared Kushner,PERSON,0.14285714285714285,0.14285714285714285,en,7
Steve Witkoff,Steve Witkoff,PERSON,0.14285714285714285,0.14285714285714285,en,7
Michel Pereira,Michel Pereira,PERSON,0.04845238095238096,0.23488095238095236,en,7
Maria Bartiromo,Maria Bartiromo,PERSON,0.33571428571428574,0.39999999999999997,en,7
Riz Ahmed,Riz Ahmed,PERSON,0.04702380952380953,0.4601190476190476,en,7
Jose Aldo,Jose Aldo,PERSON,0.07142857142857142,0.21428571428571427,en,7
Chris Weidman,Chris Weidman,PERSON,-0.30277777777777776,0.5646825396825397,en,7
Brendan Schaub,Brendan Schaub,PERSON,-0.26444805194805193,0.7589285714285714,en,7
Ryan Gosling,Ryan Gosling,PERSON,0.24413265306122447,0.3941326530612245,en,7
Joe Lopez,Joe Lopez,PERSON,0.09196428571428572,0.38571428571428573,en,7
Anderson Silva,Anderson Silva,PERSON,0.4022294372294372,0.35108225108225105,en,7
Dominick Cruz,Dominick Cruz,PERSON,0.05714285714285715,0.08571428571428572,en,7
Andrew Mountbatten-Windsor,Andrew Mountbatten-Windsor,PERSON,-0.09999999999999999,0.39285714285714285,en,7
Charlie Kirk,Charlie Kirk,PERSON,0.06819727891156462,0.46343537414965985,en,7
Zorro Ranch,Zorro Ranch,PERSON,0.05326839826839828,0.3893867243867244,en,7
Nick Fuentes,Nick Fuentes,PERSON,-0.1642857142857143,0.5666666666666667,en,7
Todd Rundgren,Todd Rundgren,PERSON,-0.11744227994227995,0.2423881673881674,en,7
Prince Archie,Prince Archie,PERSON,0.06638888888888887,0.41518518518518516,en,6
Jordan Burroughs,Jordan Burroughs,PERSON,0.052777777777777785,0.1888888888888889,en,6
Taylor Swift’s,Taylor Swift’s,PERSON,0.15833333333333333,0.2333333333333333,en,6
Kyle Marley,Kyle Marley,PERSON,0.1708333333333333,0.28333333333333327,en,6
Brendan Carr,Brendan Carr,PERSON,-0.016203703703703706,0.12962962962962962,en,6
Hayden Panettiere,Hayden Panettiere,PERSON,-0.06744949494949494,0.3088131313131313,en,6
John Lennon,John Lennon,PERSON,0.13611111111111113,0.35000000000000003,en,6
Dan Hardy,Dan Hardy,PERSON,-0.003661616161616162,0.3695075757575758,en,6
Magomed Zaynukov,Magomed Zaynukov,PERSON,0.14583333333333334,0.44198717948717947,en,6
Kevin Spacey,Kevin Spacey,PERSON,0.02686688311688312,0.07725468975468976,en,6
Robert Whittaker,Robert Whittaker,PERSON,0.12462121212121212,0.24936868686868685,en,6
Thomas Petersen,Thomas Petersen,PERSON,0.20833333333333334,0.15833333333333335,en,6
Tom Brady,Tom Brady,PERSON,0.03333333333333333,0.09999999999999999,en,6
Greg Jackson,Greg Jackson,PERSON,0.26666666666666666,0.4465277777777778,en,6
Din Thomas,Din Thomas,PERSON,0.21388888888888888,0.225,en,6
Donald Trump’s,Donald Trump’s,PERSON,0.04722222222222222,0.30416666666666664,en,6
Vladimir Putin,Vladimir Putin,PERSON,0.05023148148148149,0.2222222222222222,en,6
Tucker Carlson,Tucker Carlson,PERSON,0.07500000000000002,0.25166666666666665,en,6
Florian Zeller,Florian Zeller,PERSON,0.12916666666666668,0.25277777777777777,en,6
Angine de Poitrine,Angine de Poitrine,PERSON,0.075,0.14666666666666667,en,5
Chael Sonnen,Chael Sonnen,PERSON,0.0,0.04,en,5
Dario Amodei,Dario Amodei,PERSON,0.04962962962962962,0.25592592592592595,en,5
Molly McNearney,Molly McNearney,PERSON,0.12303030303030302,0.23111111111111113,en,5
Clive Alderton,Clive Alderton,PERSON,-0.015555555555555559,0.4313888888888888,en,5
Nate Diaz,Nate Diaz,PERSON,-0.031111111111111117,0.08902777777777779,en,5
Maggie Haberman,Maggie Haberman,PERSON,-0.010454545454545461,0.3268181818181818,en,5
Rizvan Kuniev,Rizvan Kuniev,PERSON,0.0,0.2,en,5
Michael Chandler,Michael Chandler,PERSON,0.2966666666666667,0.37452380952380954,en,5
Kim Jong Un,Kim Jong Un,PERSON,0.0,0.0,en,5
Jesse Watters,Jesse Watters,PERSON,0.145,0.6216666666666667,en,5
Robelis Despaigne,Robelis Despaigne,PERSON,0.06499999999999999,0.25,en,5
Zuffa Boxing,Zuffa Boxing,PERSON,0.0,0.21333333333333332,en,5
Kenny Florian,Kenny Florian,PERSON,0.3098979591836735,0.548469387755102,en,5
Jerry Maguire,Jerry Maguire,PERSON,0.21825,0.41400000000000003,en,5
Eddie Alvarez,Eddie Alvarez,PERSON,0.10666666666666666,0.19749999999999998,en,5
UFC Abu Dhabi,UFC Abu Dhabi,PERSON,0.16999999999999998,0.21000000000000002,en,5
Megyn Kelly,Megyn Kelly,PERSON,0.07583333333333334,0.2941239316239316,en,5
Adolf Hitler,Adolf Hitler,PERSON,-0.06749999999999999,0.44000000000000006,en,5
Harvey Weinstein,Harvey Weinstein,PERSON,0.06000000000000001,0.18,en,5
Ghislaine Maxwell,Ghislaine Maxwell,PERSON,0.24008658008658007,0.45608225108225103,en,5
John Cornyn,John Cornyn,PERSON,-0.01666666666666666,0.34,en,5
Nathan Fillion,Nathan Fillion,PERSON,0.23999999999999994,0.3366666666666667,en,5
Tim Cook,Tim Cook,PERSON,0.092,0.148,en,5
Graham Platner,Graham Platner,PERSON,0.025,0.195,en,5
Rachel Reeves,Rachel Reeves,PERSON,0.026818181818181817,0.3427272727272727,en,5
Travis Kelce’s,Travis Kelce’s,PERSON,0.013888888888888885,0.27111111111111114,en,5
Bella Mir,Bella Mir,PERSON,0.094,0.22933333333333333,en,5
Benoit Saint Denis,Benoit Saint Denis,PERSON,-0.009999999999999998,0.22000000000000003,en,5
Sarah Ferguson,Sarah Ferguson,PERSON,0.061111111111111116,0.44222222222222224,en,5
Bill Gates,Bill Gates,PERSON,0.08750000000000002,0.28666666666666674,en,5
Kathy Griffin,Kathy Griffin,PERSON,0.1343560606060606,0.37,en,5
Casey Bloys,Casey Bloys,PERSON,0.32666666666666666,0.5185277777777778,en,5
Leon Black,Leon Black,PERSON,-0.14375,0.35625,en,4
Nicole Kidman,Nicole Kidman,PERSON,0.17329545454545453,0.3255681818181818,en,4
Sam Altman,Sam Altman,PERSON,0.0625,0.165625,en,4
Derrick Lewis,Derrick Lewis,PERSON,0.0008333333333333387,0.1575,en,4
Princess Diana,Princess Diana,PERSON,-0.075,0.2125,en,4
Colleen Hoover,Colleen Hoover,PERSON,0.2916666666666667,0.3514583333333333,en,4
Mark Carney,Mark Carney,PERSON,-0.023958333333333342,0.20520833333333333,en,4
Andy Foster,Andy Foster,PERSON,0.1845238095238095,0.37202380952380953,en,4
Julia Roberts,Julia Roberts,PERSON,0.12518037518037517,0.47110389610389614,en,4
"Brian ""Goze"" Garcia","Brian ""Goze"" Garcia",PERSON,0.017045454545454544,0.09375,en,4
Polymarket Promo Code FOX,Polymarket Promo Code FOX,PERSON,0.125,0.125,en,4
Cara Delevingne,Cara Delevingne,PERSON,-0.02840909090909091,0.2636363636363636,en,4
Jeffrey Donaldson,Jeffrey Donaldson,PERSON,0.0,0.0,en,4
Adam Carolla,Adam Carolla,PERSON,0.0,0.37499999999999994,en,4
Dave Portnoy,Dave Portnoy,PERSON,0.0,0.37499999999999994,en,4
Mike Huckabee,Mike Huckabee,PERSON,0.1,0.15000000000000002,en,4
Jonathan Lipnicki,Jonathan Lipnicki,PERSON,0.19322916666666665,0.4708333333333333,en,4
Fedor Emelianenko,Fedor Emelianenko,PERSON,0.155,0.4033333333333333,en,4
Al Carns,Al Carns,PERSON,-0.05,0.22083333333333333,en,4
Olivia Rodrigo,Olivia Rodrigo,PERSON,0.19375,0.35625,en,4
Javier Bardem,Javier Bardem,PERSON,0.13125,0.31666666666666665,en,4
Malki Kawa,Malki Kawa,PERSON,0.15833333333333333,0.3375,en,4
Yousri Belgaroui,Yousri Belgaroui,PERSON,0.065,0.08166666666666667,en,4
Roman Dolidze,Roman Dolidze,PERSON,0.0,0.0,en,4
Sven Schulze,Sven Schulze,PERSON,0.0,0.025,en,4
Allan Nascimento,Allan Nascimento,PERSON,-0.11249999999999999,0.1875,en,4
Dricus Du Plessis,Dricus Du Plessis,PERSON,0.25,0.23750000000000002,en,4
Josh Hartnett,Josh Hartnett,PERSON,0.30833333333333335,0.7270833333333333,en,4
Michael Wolff,Michael Wolff,PERSON,-0.13145833333333332,0.3516666666666666,en,4
Diana Belbita,Diana Belbita,PERSON,0.18333333333333335,0.4666666666666667,en,4
Joe Brady,Joe Brady,PERSON,0.0553030303030303,0.2398989898989899,en,4
Sean O’Malley,Sean O’Malley,PERSON,-0.002777777777777775,0.1361111111111111,en,4
Cory Sandhagen,Cory Sandhagen,PERSON,0.2125,0.3597222222222222,en,4
Jeffrey Epsteins,Jeffrey Epsteins,PERSON,0.08424873737373738,0.3685606060606061,en,4
Taylor Swift Wedding,Taylor Swift Wedding,PERSON,0.0625,0.07291666666666666,en,4
Sacramento Gregory Rodrigues,Sacramento Gregory Rodrigues,PERSON,0.3595238095238096,0.2517857142857143,en,4
Gregory Rodriguez,Gregory Rodriguez,PERSON,-0.01979166666666668,0.4458333333333333,en,4
Barbra Streisand,Barbra Streisand,PERSON,0.125,0.125,en,4
David Ellison,David Ellison,PERSON,-0.02187499999999999,0.43124999999999997,en,4
Thom Tillis,Thom Tillis,PERSON,-0.024999999999999994,0.35,en,4
Dana White Reacts,Dana White Reacts,PERSON,0.1,0.05,en,4
Ramazan Temirov,Ramazan Temirov,PERSON,-0.325,0.725,en,4
Hannah Waddingham,Hannah Waddingham,PERSON,0.09602272727272727,0.2859848484848485,en,4
Bart De Wever,Bart De Wever,PERSON,0.0031250000000000028,0.42062499999999997,en,4
Manuela Schwesig,Manuela Schwesig,PERSON,0.008333333333333333,0.09999999999999999,en,4
Tom Hardy,Tom Hardy,PERSON,0.3104166666666667,0.27724358974358976,en,4
Marjorie Taylor Greene,Marjorie Taylor Greene,PERSON,0.03680555555555555,0.24291666666666667,en,4
Francis Ngannou,Francis Ngannou,PERSON,0.06517857142857142,0.30892857142857144,en,4
‘Jimmy Kimmel Live,‘Jimmy Kimmel Live,PERSON,0.14623106060606061,0.5715277777777777,en,4
Khalil Rountree,Khalil Rountree,PERSON,0.10075757575757574,0.303219696969697,en,4
James Comer,James Comer,PERSON,-0.14375,0.3625,en,4
Kate Middleton,Kate Middleton,PERSON,0.05104617604617604,0.24025974025974028,en,4
Carl Higbie,Carl Higbie,PERSON,0.20890151515151514,0.36944444444444446,en,4
Elvis Presley,Elvis Presley,PERSON,0.0,0.0,en,4
Giorgia Meloni,Giorgia Meloni,PERSON,0.06797619047619048,0.2946428571428571,en,4
Sam Bell,Sam Bell,PERSON,0.17777777777777778,0.3888888888888889,en,4
Guy Gardner,Guy Gardner,PERSON,0.25170454545454546,0.3556818181818182,en,4
Jon Gruden,Jon Gruden,PERSON,0.12951388888888887,0.32777777777777783,en,4
Phumi Nkuta,Phumi Nkuta,PERSON,0.12279761904761906,0.3915079365079365,en,4
Dillon Danis,Dillon Danis,PERSON,-0.075,0.1125,en,4
Dan Driscoll,Dan Driscoll,PERSON,0.125,0.3027777777777778,en,4
Sydney Sweeney’s,Sydney Sweeney’s,PERSON,0.048295454545454544,0.1380681818181818,en,4
DJ Avicii,DJ Avicii,PERSON,-0.07500000000000001,0.0,en,4
Ronda Rousey,Ronda Rousey,PERSON,-0.13333333333333333,0.24722222222222223,en,3
Tim Hardaway,Tim Hardaway,PERSON,0.008333333333333333,0.008333333333333333,en,3
Pete Hammond,Pete Hammond,PERSON,-0.15999999999999995,0.5066666666666667,en,3
John Pork,John Pork,PERSON,0.30370370370370375,0.5657407407407408,en,3
Joy Behar,Joy Behar,PERSON,0.525925925925926,0.3148148148148148,en,3
Tim Curry,Tim Curry,PERSON,0.5,0.5166666666666666,en,3
Andrew Cuomo,Andrew Cuomo,PERSON,0.08106060606060606,0.38964646464646474,en,3
Kemi Badenoch,Kemi Badenoch,PERSON,0.21666666666666667,0.5166666666666666,en,3
Domhnall Gleeson,Domhnall Gleeson,PERSON,0.0,0.16666666666666666,en,3
Kash Patel,Kash Patel,PERSON,0.12272727272727273,0.47020202020202023,en,3
Adam Wingard,Adam Wingard,PERSON,0.12272727272727273,0.17575757575757575,en,3
"Anthony ""Fluffy"" Hernandez","Anthony ""Fluffy"" Hernandez",PERSON,-0.08000000000000002,0.37166666666666665,en,3
Jon Husted,Jon Husted,PERSON,0.15185185185185185,0.2703703703703704,en,3
Danny Boy,Danny Boy,PERSON,-0.026190476190476184,0.5047619047619047,en,3
Grant Dawson,Grant Dawson,PERSON,0.0,0.10000000000000002,en,3
John Stewart,John Stewart,PERSON,0.23106060606060605,0.26464646464646463,en,3
Justin Wolfers,Justin Wolfers,PERSON,0.0,0.0,en,3
Pantoja 2,Pantoja 2,PERSON,0.4954545454545454,0.45,en,3
Shawn Hatosy,Shawn Hatosy,PERSON,0.16666666666666666,0.20555555555555557,en,3
Tom CruiseRotten,Tom CruiseRotten,PERSON,0.0722169612794613,0.4791877104377104,en,3
Damian Rzepecki,Damian Rzepecki,PERSON,0.38641975308641974,0.653395061728395,en,3
Andrew Garfield,Andrew Garfield,PERSON,0.03555555555555554,0.5022222222222222,en,3
Esteban Ribovics,Esteban Ribovics,PERSON,0.15,0.2833333333333334,en,3
Anthony Anderson,Anthony Anderson,PERSON,-0.04772727272727273,0.38888888888888884,en,3
Melissa George,Melissa George,PERSON,-0.13888888888888887,0.24999999999999997,en,3
Sam Levinson,Sam Levinson,PERSON,-0.15555555555555556,0.22777777777777777,en,3
Candace Owens,Candace Owens,PERSON,0.07333333333333333,0.11555555555555556,en,3
Liz Meriwether,Liz Meriwether,PERSON,0.054040404040404035,0.18754208754208754,en,3
Greg James,Greg James,PERSON,0.0,0.044444444444444446,en,3
Paul McCartney,Paul McCartney,PERSON,0.35000000000000003,0.5888888888888889,en,3
James Van Der Beek,James Van Der Beek,PERSON,0.10277777777777779,0.45,en,3
Aaron Pico,Aaron Pico,PERSON,0.0,0.0,en,3
Amazon MGM,Amazon MGM,PERSON,0.18333333333333335,0.31666666666666665,en,3
Bo Nickal,Bo Nickal,PERSON,0.2333333333333333,0.2833333333333334,en,3
Boris Pistorius,Boris Pistorius,PERSON,0.03288888888888889,0.19155555555555556,en,3
Duchess Meghan,Duchess Meghan,PERSON,0.15555555555555553,0.31111111111111106,en,3
Jiri Prochazka,Jiri Prochazka,PERSON,0.34,0.7533333333333333,en,3
Oscar De La Hoya,Oscar De La Hoya,PERSON,0.075,0.25833333333333336,en,3
Laura Loomer,Laura Loomer,PERSON,0.03425925925925927,0.1865740740740741,en,3
Sienna Miller,Sienna Miller,PERSON,0.14444444444444446,0.6333333333333333,en,3
Jake Paul’s,Jake Paul’s,PERSON,0.05959595959595961,0.706060606060606,en,3
Sean Sheehan,Sean Sheehan,PERSON,0.05931607744107744,0.28245791245791246,en,3
Dee Devlin,Dee Devlin,PERSON,0.08333333333333333,0.8555555555555555,en,3
Tom Cotton,Tom Cotton,PERSON,-0.013425925925925926,0.17037037037037037,en,3
Bryan Bedder,Bryan Bedder,PERSON,0.10833333333333334,0.3666666666666667,en,3
Nigel Farage,Nigel Farage,PERSON,0.0,0.0,en,3
Spencer Pratt,Spencer Pratt,PERSON,0.06666666666666667,0.19999999999999998,en,3
Bill Belichick,Bill Belichick,PERSON,-0.259375,0.43506944444444445,en,3
Paul Hughes,Paul Hughes,PERSON,0.3333333333333333,0.3333333333333333,en,3
Steve Erceg,Steve Erceg,PERSON,-0.6,0.7999999999999999,en,3
Manel Kape,Manel Kape,PERSON,0.2251984126984127,0.4599206349206349,en,3
LeBron James,LeBron James,PERSON,0.07916666666666666,0.2777777777777778,en,3
Karen Attiah,Karen Attiah,PERSON,0.08333333333333333,0.3125,en,3
Danny McBride,Danny McBride,PERSON,0.0909090909090909,0.30303030303030304,en,3
Islam Dulatov,Islam Dulatov,PERSON,-0.06959876543209877,0.34274691358024695,en,3
Georges St-Pierre,Georges St-Pierre,PERSON,0.03333333333333333,0.09999999999999999,en,3
Charles Spencer,Charles Spencer,PERSON,0.0,0.0,en,3
Bo Derek,Bo Derek,PERSON,-0.16666666666666666,0.5,en,3
Friedrich M,Friedrich M,PERSON,-0.011850649350649353,0.09502164502164502,en,3
Andrew Tate,Andrew Tate,PERSON,-0.07222222222222223,0.4166666666666667,en,3
Paul Felder,Paul Felder,PERSON,0.2888888888888889,0.362962962962963,en,3
Anne Rice,Anne Rice,PERSON,0.03333333333333333,0.13333333333333333,en,3
Arnold Allen,Arnold Allen,PERSON,0.0,0.0,en,3
Natalie Harp Dig,Natalie Harp Dig,PERSON,-0.15185185185185188,0.262962962962963,en,3
Gabriel Bonfim,Gabriel Bonfim,PERSON,0.5333333333333333,0.5,en,3
Eric Trump,Eric Trump,PERSON,-0.16666666666666666,0.4666666666666666,en,3
Yan Xiaonan,Yan Xiaonan,PERSON,-0.03333333333333333,0.15,en,3
Alan Carr,Alan Carr,PERSON,0.13333333333333333,0.5333333333333333,en,3
John Ossoff,John Ossoff,PERSON,0.038888888888888896,0.48425925925925933,en,3
Ilia Topuria’s,Ilia Topuria’s,PERSON,0.10555555555555556,0.7925925925925926,en,3
Kristen Holmes,Kristen Holmes,PERSON,0.0,0.0,en,3
Jim West,Jim West,PERSON,0.0,0.0,en,3
Edson Barboza,Edson Barboza,PERSON,0.0462962962962963,0.06666666666666667,en,3
Israel Adesanya,Israel Adesanya,PERSON,-0.05092592592592593,0.27314814814814814,en,3
Nicolas Beresford-Cleary,Nicolas Beresford-Cleary,PERSON,0.1621212121212121,0.47222222222222227,en,3
Judd Apatow,Judd Apatow,PERSON,0.0,0.0,en,3
Nate Burleson,Nate Burleson,PERSON,0.4666666666666666,0.4000000000000001,en,3
Michael Cohen,Michael Cohen,PERSON,-0.14444444444444446,0.4333333333333333,en,3
Greenberg Traurig,Greenberg Traurig,PERSON,-0.05333333333333334,0.29000000000000004,en,3
Danny Boyle,Danny Boyle,PERSON,0.022727272727272724,0.09242424242424242,en,3
Damiano David,Damiano David,PERSON,-0.08333333333333333,0.13333333333333333,en,3
John Goodman,John Goodman,PERSON,0.13333333333333333,0.4333333333333333,en,3
Michael Bisping,Michael Bisping,PERSON,0.5333333333333333,0.26666666666666666,en,3
Kirk Cousins,Kirk Cousins,PERSON,0.15,0.25,en,3
Julia Louis-Dreyfus,Julia Louis-Dreyfus,PERSON,0.19336219336219337,0.6524771524771525,en,3
Susan Collins,Susan Collins,PERSON,0.26666666666666666,0.3333333333333333,en,3
Al Pacino,Al Pacino,PERSON,0.20694444444444446,0.35833333333333334,en,3
Patrick Mahomes,Patrick Mahomes,PERSON,0.19722222222222222,0.7111111111111111,en,3
Conor McGregor’s,Conor McGregor’s,PERSON,0.14444444444444446,0.21666666666666667,en,3
MMA pound,MMA pound,PERSON,0.16666666666666666,0.16666666666666666,en,3
Pete Davidson,Pete Davidson,PERSON,0.1130511463844797,0.6134038800705467,en,3
Justina Lee,Justina Lee,PERSON,0.017777777777777778,0.05999999999999999,en,3
Harrison Ford,Harrison Ford,PERSON,0.22777777777777777,0.23703703703703702,en,3
Nick Offerman,Nick Offerman,PERSON,0.22777777777777777,0.23703703703703702,en,3
Nikki Glaser,Nikki Glaser,PERSON,0.0,0.0,en,3
Sophie Cunningham,Sophie Cunningham,PERSON,0.04545454545454545,0.15151515151515152,en,3
Tom Cruise Backs,Tom Cruise Backs,PERSON,0.09999999999999998,0.6999999999999998,en,3
Kelvin Gastelum,Kelvin Gastelum,PERSON,0.0,0.044444444444444446,en,3
Stephen Miller,Stephen Miller,PERSON,0.039090909090909086,0.3236363636363636,en,3
Alex Volkanovski,Alex Volkanovski,PERSON,0.0,0.17500000000000002,en,3
Dustin Stoltzfus,Dustin Stoltzfus,PERSON,0.0,0.044444444444444446,en,3
Kathy Hochul,Kathy Hochul,PERSON,0.096489898989899,0.48459595959595964,en,3
Jimmy Carter,Jimmy Carter,PERSON,0.39111111111111113,0.7244444444444444,en,3
Leslie Mann,Leslie Mann,PERSON,0.0,0.0,en,3
Newt Gingrich,Newt Gingrich,PERSON,-0.19999999999999998,0.5814814814814815,en,3
Ron Johnson,Ron Johnson,PERSON,0.0,0.0,en,3
Abdulmanap Nurmagomedov,Abdulmanap Nurmagomedov,PERSON,0.06666666666666667,0.5333333333333333,en,3
Devon Sawa,Devon Sawa,PERSON,0.21541666666666667,0.6722222222222222,en,3
Conan O’Brien,Conan O’Brien,PERSON,0.04545454545454545,0.15151515151515152,en,3
Dove Cameron,Dove Cameron,PERSON,-0.08333333333333333,0.13333333333333333,en,3
Amy Poehler,Amy Poehler,PERSON,0.43124999999999997,0.41111111111111115,en,3
Ethan Hunt,Ethan Hunt,PERSON,0.36481481481481487,0.35555555555555557,en,3
Johnny Fisher,Johnny Fisher,PERSON,0.2333333333333333,0.4666666666666666,en,3
Penélope Cruz,Penélope Cruz,PERSON,0.20833333333333334,0.2888888888888889,en,3
Daniel Rodriguez,Daniel Rodriguez,PERSON,0.05833333333333333,0.3666666666666667,en,2
Ben Affleck,Ben Affleck,PERSON,0.125,0.05,en,2
Steve Jobs,Steve Jobs,PERSON,0.425,0.525,en,2
Mike Johnson,Mike Johnson,PERSON,0.0,0.0,en,2
Andrew Windsor,Andrew Windsor,PERSON,0.0,0.0,en,2
Don Jr’s,Don Jr’s,PERSON,-0.15555555555555556,0.4444444444444444,en,2
Debbie Dingell,Debbie Dingell,PERSON,-0.2318181818181818,0.7272727272727273,en,2
Jes Staley,Jes Staley,PERSON,0.1078125,0.2458333333333333,en,2
Maria Corina Machado,Maria Corina Machado,PERSON,0.42500000000000004,0.54,en,2
Cejudo 2,Cejudo 2,PERSON,0.0,0.0,en,2
Shara Magomedov,Shara Magomedov,PERSON,0.21458333333333335,0.59375,en,2
Cristiano Ronaldo,Cristiano Ronaldo,PERSON,0.49500000000000005,0.605,en,2
Chris Cuomo Erupts,Chris Cuomo Erupts,PERSON,-0.234375,0.5,en,2
Jessie Henderson,Jessie Henderson,PERSON,0.03571428571428571,0.3294642857142857,en,2
Rob Wittman,Rob Wittman,PERSON,0.2,0.1,en,2
Kimberly Halkett,Kimberly Halkett,PERSON,0.0,0.0,en,2
Diego Lima,Diego Lima,PERSON,0.08571428571428572,0.6919642857142857,en,2
Usman Nurmagomedov’s,Usman Nurmagomedov’s,PERSON,-0.019372294372294367,0.33106060606060606,en,2
MVP MMA,MVP MMA,PERSON,0.0,0.0,en,2
Uros Medic,Uros Medic,PERSON,0.036111111111111115,0.32222222222222224,en,2
Michael Tomasky,Michael Tomasky,PERSON,0.3181818181818182,0.4772727272727273,en,2
Adam Telle,Adam Telle,PERSON,0.0,0.05,en,2
Bill Clinton,Bill Clinton,PERSON,-0.27222222222222225,0.5611111111111111,en,2
Jon Ossoffs,Jon Ossoffs,PERSON,0.14166666666666666,0.19444444444444445,en,2
Alex Wong,Alex Wong,PERSON,0.0,0.0625,en,2
Jonathan Swan,Jonathan Swan,PERSON,0.06818181818181818,0.22727272727272727,en,2
Rosie O’Donnell Crushed,Rosie O’Donnell Crushed,PERSON,0.008939393939393935,0.21545454545454545,en,2
Bellator MMA,Bellator MMA,PERSON,0.06666666666666668,0.28958333333333336,en,2
Noah Kahan,Noah Kahan,PERSON,0.1875,0.4083333333333333,en,2
Natalie Harp Jab,Natalie Harp Jab,PERSON,-0.038888888888888896,0.07222222222222223,en,2
Navajo Stirling,Navajo Stirling,PERSON,0.021428571428571422,0.23392857142857143,en,2
Evelyn McGee Colbert,Evelyn McGee Colbert,PERSON,0.35,0.65,en,2
Virginia Giuffre’s,Virginia Giuffre’s,PERSON,0.0,0.1388888888888889,en,2
David Letterman,David Letterman,PERSON,0.06125,0.33166666666666667,en,2
Thomas Cruise Mapother IV,Thomas Cruise Mapother IV,PERSON,0.0,0.05,en,2
HBO Max,HBO Max,PERSON,0.26666666666666666,0.6333333333333334,en,2
Volodymyr Zelenskyy,Volodymyr Zelenskyy,PERSON,0.17857142857142858,0.5357142857142857,en,2
Jen Psaki,Jen Psaki,PERSON,-0.2318181818181818,0.7272727272727273,en,2
Alan Cumming,Alan Cumming,PERSON,0.4,0.2,en,2
Keke Palmer,Keke Palmer,PERSON,0.4,0.2,en,2
Yvonne De Mare,Yvonne De Mare,PERSON,-0.045138888888888895,0.18888888888888888,en,2
Alan Dershowitz,Alan Dershowitz,PERSON,-0.031249999999999997,0.1875,en,2
Jason Bradley DeFord,Jason Bradley DeFord,PERSON,0.2,0.30000000000000004,en,2
Ariel Helwani,Ariel Helwani,PERSON,0.0,0.0,en,2
Slams Hegseth,Slams Hegseth,PERSON,0.125,0.16666666666666666,en,2
Goodbye Ahalkalakets,Goodbye Ahalkalakets,PERSON,0.0,0.0,en,2
Diego Lopes,Diego Lopes,PERSON,-0.025925925925925932,0.21481481481481482,en,2
Kirsten Dunst,Kirsten Dunst,PERSON,-0.03636363636363636,0.18545454545454546,en,2
Barack Obama,Barack Obama,PERSON,0.010416666666666685,0.47604166666666664,en,2
Ditcheva outclasses Kielholtz,Ditcheva outclasses Kielholtz,PERSON,0.0,0.0,en,2
Dakota Ditcheva’s,Dakota Ditcheva’s,PERSON,0.4,0.2,en,2
Deiveson Figueiredo,Deiveson Figueiredo,PERSON,0.175,0.275,en,2
Raphaël Glucksmann,Raphaël Glucksmann,PERSON,0.0,0.0,en,2
Mark Lewis Zwonitzer,Mark Lewis Zwonitzer,PERSON,0.08928571428571429,0.14285714285714285,en,2
Don Bacon,Don Bacon,PERSON,0.125,0.16666666666666666,en,2
Lady Diana Spencer,Lady Diana Spencer,PERSON,0.2833333333333333,0.5666666666666667,en,2
Stevie Nicks,Stevie Nicks,PERSON,0.1534090909090909,0.5,en,2
Rosie ODonnells,Rosie ODonnells,PERSON,0.0013636363636363724,0.37666666666666665,en,2
Marcus Jones,Marcus Jones,PERSON,0.42272727272727273,0.4590909090909091,en,2
Sara Haines,Sara Haines,PERSON,0.4,0.1,en,2
Joe Pyfer,Joe Pyfer,PERSON,-0.07999999999999999,0.2533333333333333,en,2
Bellator Kickboxing,Bellator Kickboxing,PERSON,0.04848484848484848,0.25606060606060604,en,2
Trump Jab,Trump Jab,PERSON,0.11079545454545454,0.22916666666666669,en,2
Jodi Arias,Jodi Arias,PERSON,0.0,0.0,en,2
Jensen Huang,Jensen Huang,PERSON,0.0,0.11041666666666666,en,2
Umar Nurmagome,Umar Nurmagome,PERSON,0.08497474747474748,0.24444444444444444,en,2
Zabit Magomedsharipov,Zabit Magomedsharipov,PERSON,0.03240740740740744,0.5842592592592593,en,2
Matt Brown,Matt Brown,PERSON,0.07857142857142857,0.22857142857142856,en,2
Travis Kelces,Travis Kelces,PERSON,0.29083333333333333,0.5416666666666667,en,2
Brian Hickerson,Brian Hickerson,PERSON,0.0,0.0,en,2
Sean McDermott,Sean McDermott,PERSON,0.10227272727272727,0.3409090909090909,en,2
Steven Spielberg,Steven Spielberg,PERSON,0.08333333333333333,0.08333333333333333,en,2
Sean McDermott Opens,Sean McDermott Opens,PERSON,0.008333333333333331,0.13888888888888887,en,2
Anthony Wint,Anthony Wint,PERSON,0.06944444444444445,0.1388888888888889,en,2
Randy Quaid,Randy Quaid,PERSON,-0.10795454545454547,0.5151515151515151,en,2
Sylvester Stallone,Sylvester Stallone,PERSON,0.5125,0.5583333333333333,en,2
Harry Kirton,Harry Kirton,PERSON,0.1,0.4,en,2
Dan Tom,Dan Tom,PERSON,-0.15555555555555559,0.2888888888888889,en,2
Raúl Torrez,Raúl Torrez,PERSON,0.09318181818181819,0.4772727272727273,en,2
Tai Tuivasa,Tai Tuivasa,PERSON,0.175,0.275,en,2
Anthony Hernande,Anthony Hernande,PERSON,0.08996212121212122,0.17916666666666667,en,2
Maury Povich,Maury Povich,PERSON,-0.016666666666666663,0.16111111111111112,en,2
Gal Gadot,Gal Gadot,PERSON,0.25,0.5,en,2
Rosie O,Rosie O,PERSON,0.0,0.25,en,2
Gustavo Petro,Gustavo Petro,PERSON,-0.1,0.0,en,2
Sam Raimi,Sam Raimi,PERSON,0.21999999999999997,0.42000000000000004,en,2
Davis Ingle,Davis Ingle,PERSON,0.1785037878787879,0.3851010101010101,,2
Elizabeth Holmes,Elizabeth Holmes,PERSON,0.09114583333333333,0.218125,en,2
Vitor Petrino,Vitor Petrino,PERSON,0.05000000000000001,0.2333333333333333,en,2
Denise Kielholtz - months,Denise Kielholtz - months,PERSON,0.4,0.4,en,2
Adnoc Gas,Adnoc Gas,PERSON,0.0,0.1,en,2
Chuck Liddell,Chuck Liddell,PERSON,-0.35000000000000003,0.6,en,2
Humeyra Pamuk,Humeyra Pamuk,PERSON,-0.041666666666666664,0.16944444444444443,en,2
Nannaria swiftae,Nannaria swiftae,PERSON,0.2625,0.4291666666666667,en,2
Malcolm Gladwell,Malcolm Gladwell,PERSON,-0.275,1.0,en,2
Layla Machado Garry,Layla Machado Garry,PERSON,0.21875,0.5416666666666666,en,2
Sarah Schroeder,Sarah Schroeder,PERSON,0.0,0.0,en,2
Kenya Barris,Kenya Barris,PERSON,-0.275,1.0,en,2
Rousimar Palhares,Rousimar Palhares,PERSON,0.0,0.5625,en,2
Sacramento Anthony Hernandez,Sacramento Anthony Hernandez,PERSON,0.08499999999999999,0.3946666666666666,en,2
Yadong Song’s,Yadong Song’s,PERSON,-0.11342592592592589,0.36550925925925926,en,2
Aaron Rodgers,Aaron Rodgers,PERSON,-0.12348484848484848,0.5661616161616161,en,2
Umar Nurmagomedov KO,Umar Nurmagomedov KO,PERSON,0.16666666666666666,0.4166666666666667,en,2
Sheldon Whitehouse,Sheldon Whitehouse,PERSON,0.2583333333333333,0.4583333333333333,en,2
Brian Sutterer,Brian Sutterer,PERSON,0.0,0.0,en,2
Julian Edelman,Julian Edelman,PERSON,0.03125,0.25,en,2
Magomed “Tiger” Magomedov,Magomed “Tiger” Magomedov,PERSON,0.0,0.0,en,2
Joel Alvarez,Joel Alvarez,PERSON,0.03409090909090909,0.29488636363636367,en,2
Axel Sola,Axel Sola,PERSON,0.25,0.3,en,2
Aaron Donald,Aaron Donald,PERSON,0.15000000000000002,0.575,en,2
Gillian Robertson,Gillian Robertson,PERSON,0.2,0.4,en,2
Ursula von der Leyen,Ursula von der Leyen,PERSON,-0.025,0.1,en,2
Chamika Ishan Liyanage,Chamika Ishan Liyanage,PERSON,-0.15625,0.36875,en,2
Scott Bessent,Scott Bessent,PERSON,0.0625,0.08333333333333333,en,2
Tom Christie,Tom Christie,PERSON,0.04545454545454545,0.15151515151515152,en,2
Nurmagomedov knoc,Nurmagomedov knoc,PERSON,0.0,0.0,en,2
Anthony Davis,Anthony Davis,PERSON,0.25,0.45,en,2
Kevin Hassett,Kevin Hassett,PERSON,0.006666666666666647,0.6983333333333333,en,2
Neil Magny,Neil Magny,PERSON,0.15,0.95,en,2
Dan Stevens,Dan Stevens,PERSON,0.22828282828282825,0.36464646464646466,en,2
Nicolas Maduro,Nicolas Maduro,PERSON,0.08333333333333333,0.08333333333333333,en,2
Michael Jackson,Michael Jackson,PERSON,0.0909090909090909,0.38636363636363635,en,2
Hakeem Jeffries,Hakeem Jeffries,PERSON,0.0,0.0,en,2
ANDREW LOWNIE,ANDREW LOWNIE,PERSON,-0.011111111111111072,0.4638888888888889,en,2
Ian Macha,Ian Macha,PERSON,0.175,0.5866666666666667,en,2
Geoff Neal,Geoff Neal,PERSON,0.05,0.25,en,2
Edmund Reese,Edmund Reese,PERSON,-0.15555555555555559,0.2888888888888889,en,2
Kevin Hart,Kevin Hart,PERSON,0.26249999999999996,0.6125,en,2
Matthew McConaughey,Matthew McConaughey,PERSON,0.26249999999999996,0.6125,en,2
Tate McRae,Tate McRae,PERSON,0.26249999999999996,0.6125,en,2
Ben Stiller,Ben Stiller,PERSON,0.26249999999999996,0.6125,en,2
Cynthia Nixon,Cynthia Nixon,PERSON,-0.16249999999999998,0.6666666666666667,en,2
Ian Machad,Ian Machad,PERSON,0.125,0.16666666666666666,en,2
Alexandria Ocasio-Cortez,Alexandria Ocasio-Cortez,PERSON,0.03258928571428573,0.5855654761904763,en,2
FDR Democrats,FDR Democrats,PERSON,0.0,0.16666666666666666,en,2
AP Rocky,AP Rocky,PERSON,0.26249999999999996,0.6125,en,2
Jeanne Shaheen,Jeanne Shaheen,PERSON,0.1,0.3666666666666667,en,2
Emma Roberts,Emma Roberts,PERSON,0.26249999999999996,0.6125,en,2
Klint Kubiak,Klint Kubiak,PERSON,0.25,0.225,en,2
Ryan Murphy,Ryan Murphy,PERSON,0.25,0.3333333333333333,en,2
Paloma Duffy,Paloma Duffy,PERSON,0.0,0.0,en,2
Ian Machado G,Ian Machado G,PERSON,0.17500000000000002,0.2888888888888889,en,2
Jimmy Kimmel’s,Jimmy Kimmel’s,PERSON,-0.11477272727272728,0.6757575757575758,en,2
Ted Cruz,Ted Cruz,PERSON,0.1,0.3666666666666667,en,2
Adria Arjona,Adria Arjona,PERSON,0.22828282828282825,0.36464646464646466,en,2
Harry Potter,Harry Potter,PERSON,0.0,0.0,en,2
Lawrence Wong,Lawrence Wong,PERSON,0.1340909090909091,0.421969696969697,en,2
Rob Reiner,Rob Reiner,PERSON,0.13000000000000003,0.38,en,2
Darren McGrady,Darren McGrady,PERSON,0.14166666666666666,0.27499999999999997,en,2
Queen Elizabeth II,Queen Elizabeth II,PERSON,0.14166666666666666,0.27499999999999997,en,2
Ayatollah Ali Khamenei,Ayatollah Ali Khamenei,PERSON,-0.15,0.55,en,2
Pink Clouding,Pink Clouding,PERSON,-0.032386363636363644,0.3386363636363636,en,2
Jamie Foxx,Jamie Foxx,PERSON,0.11875,0.2375,en,2
ked Up,ked Up,PERSON,0.06944444444444445,0.09999999999999999,en,2
Shawn Levy,Shawn Levy,PERSON,0.001736111111111105,0.4222222222222222,en,2
Conor McGregor Injury,Conor McGregor Injury,PERSON,0.052083333333333336,0.075,en,2
Emmanuel Lubezki,Emmanuel Lubezki,PERSON,0.175,0.275,en,2
Robert Pattinson,Robert Pattinson,PERSON,0.18409090909090908,0.8386363636363636,en,2
Driccus du Plessis,Driccus du Plessis,PERSON,0.08808080808080807,0.29555555555555557,en,2
Du Plessis,Du Plessis,PERSON,0.4183333333333334,0.5216666666666667,en,2
Graham Norton,Graham Norton,PERSON,0.125,0.125,en,2
Nina Drama,Nina Drama,PERSON,0.13333333333333333,0.14166666666666666,en,2
Donna Kelce,Donna Kelce,PERSON,-0.1,0.15,en,2
Lindsey Anderson Beer,Lindsey Anderson Beer,PERSON,-0.011363636363636367,0.21545454545454548,en,2
Lindsey Anderson,Lindsey Anderson,PERSON,-0.05,0.025,en,2
Sylvester Stallone’s,Sylvester Stallone’s,PERSON,0.07878787878787878,0.2515151515151515,en,2
Kyle Juszczyk,Kyle Juszczyk,PERSON,0.5,0.5,en,2
Emma Power,Emma Power,PERSON,0.3181818181818182,0.7272727272727273,en,2
Jack Della Maddalena,Jack Della Maddalena,PERSON,0.05,0.5083333333333333,en,2
Justin Gaethje Rematch,Justin Gaethje Rematch,PERSON,0.05,0.1,en,2
Charles Jourdain,Charles Jourdain,PERSON,0.5,0.5,en,2
Bill O’Reilly Goes Ballistic,Bill O’Reilly Goes Ballistic,PERSON,-0.3717592592592593,0.4550925925925926,en,2
Armin Papperger,Armin Papperger,PERSON,0.0,0.16666666666666666,en,2
Roy Cooper,Roy Cooper,PERSON,0.21666666666666667,0.2833333333333334,en,2
Robert Jobson,Robert Jobson,PERSON,0.5,0.5,en,2
Kendall Jenner,Kendall Jenner,PERSON,0.075,0.4,en,2
Keir Starmers,Keir Starmers,PERSON,0.05740740740740739,0.20092592592592592,en,2
Meryl Streep,Meryl Streep,PERSON,0.0,0.27499999999999997,en,2
LeBron James Catch,LeBron James Catch,PERSON,0.004999999999999999,0.3766666666666667,en,2
Colman Domingo,Colman Domingo,PERSON,-0.13825757575757577,0.75,en,2
Cornyn Cave,Cornyn Cave,PERSON,0.0,0.0,en,2
Lily Rose Depp,Lily Rose Depp,PERSON,0.359375,0.559375,en,2
Mark Kelly,Mark Kelly,PERSON,-0.008750000000000004,0.35250000000000004,en,2
Bret Baier,Bret Baier,PERSON,0.25,0.5,en,2
Bret Baier Weighs,Bret Baier Weighs,PERSON,0.125,0.16666666666666666,en,2
Abubakar Nurmagomedov,Abubakar Nurmagomedov,PERSON,0.1,0.1,en,2
John McCarthy,John McCarthy,PERSON,0.21000000000000002,0.4,en,2
Jonathan Davino,Jonathan Davino,PERSON,0.35,0.45,en,2
Miley Cyrus,Miley Cyrus,PERSON,0.0,0.0,en,2
Arman Tsarukyan Fight,Arman Tsarukyan Fight,PERSON,-0.05208333333333334,0.5875,en,2
Sydney Sweeney Swipes,Sydney Sweeney Swipes,PERSON,0.1875,0.375,en,2
Mette Frederiksen,Mette Frederiksen,PERSON,0.16,0.32999999999999996,en,2
Adriano Moraes,Adriano Moraes,PERSON,0.11488095238095239,0.42206349206349203,en,2
Bryan Seaver,Bryan Seaver,PERSON,-0.125,0.07500000000000001,en,2
Bert Kreischer,Bert Kreischer,PERSON,-0.031249999999999997,0.43333333333333335,en,2
Rob Lowe,Rob Lowe,PERSON,0.171875,0.5,en,2
Donni Davy,Donni Davy,PERSON,0.0,0.0,en,2
Scooter Braun,Scooter Braun,PERSON,0.025,0.175,en,2
Richard Moth,Richard Moth,PERSON,0.0,0.05,en,2
Roger Federer,Roger Federer,PERSON,0.125,0.7000000000000001,en,2
Sydney Sweeney Flaunts ‘Rack,Sydney Sweeney Flaunts ‘Rack,PERSON,0.19602272727272727,0.5284090909090909,en,2
Tamara Ralph,Tamara Ralph,PERSON,0.11111111111111112,0.5611111111111111,en,2
Amy Grant,Amy Grant,PERSON,-0.15,0.3,en,2
Selena Gomez,Selena Gomez,PERSON,0.09166666666666667,0.35833333333333334,en,2
Johnson Lipsyncing,Johnson Lipsyncing,PERSON,0.4375,0.5333333333333333,en,2
Alex Krinsky,Alex Krinsky,PERSON,-0.26666666666666666,0.41666666666666663,en,2
Conor McGregor Vows,Conor McGregor Vows,PERSON,0.0625,0.8333333333333333,en,2
Tobias Ellwood,Tobias Ellwood,PERSON,-0.005555555555555554,0.25,en,2
Michael Savage,Michael Savage,PERSON,0.13636363636363635,0.45454545454545453,en,2
Roger Marshall,Roger Marshall,PERSON,0.13863636363636364,0.3021212121212121,en,2
Byron Allen,Byron Allen,PERSON,-0.30303030303030304,0.5937878787878788,en,2
Lainey Wilson,Lainey Wilson,PERSON,-0.05,0.35,en,2
Laura Ingraham,Laura Ingraham,PERSON,-0.26077441077441077,0.5424663299663299,en,2
Joe Buck,Joe Buck,PERSON,0.08181818181818182,0.3907272727272727,en,2
Sydney Sweeneys,Sydney Sweeneys,PERSON,0.075,0.25,en,2
Ted Lasso,Ted Lasso,PERSON,0.05,0.3375,en,2
Troy Aikman,Troy Aikman,PERSON,0.0,0.6950000000000001,en,2
Charles Reunion,Charles Reunion,PERSON,0.0,0.0,en,2
Renee Zellweger,Renee Zellweger,PERSON,0.09999999999999999,0.25,en,2
Kevin Mazur,Kevin Mazur,PERSON,0.13892045454545454,0.3411931818181818,en,2
Chris Nolan,Chris Nolan,PERSON,0.037500000000000006,0.4375,en,2
Conor McGreg,Conor McGreg,PERSON,0.0,0.0,en,2
Barney Frank,Barney Frank,PERSON,0.006944444444444443,0.11805555555555554,en,2
Danny Masterson,Danny Masterson,PERSON,0.0,0.0,en,2
bookedIsha Gramotsavam,bookedIsha Gramotsavam,PERSON,-0.04166666666666667,0.3666666666666667,en,2
Bill Cosby,Bill Cosby,PERSON,0.0,0.0,en,2
Benoit Saint-Denis,Benoit Saint-Denis,PERSON,0.0,0.0,en,2
Damian Pinas,Damian Pinas,PERSON,0.17222222222222222,0.46944444444444444,en,2
Brit Florence Pugh,Brit Florence Pugh,PERSON,-0.2878787878787879,0.48484848484848486,en,2
Woody Allen,Woody Allen,PERSON,0.03125,0.07916666666666666,en,2
Louis CK,Louis CK,PERSON,0.04935064935064934,0.1525974025974026,en,2
Se hai scelto di non accettare,Se hai scelto di non accettare,PERSON,0.0,0.0,en,2
puoi aderire,puoi aderire,PERSON,0.0,0.0,en,2
Tom Cruise Digs,Tom Cruise Digs,PERSON,-0.5,0.5,en,2
JFK Jr,JFK Jr,PERSON,-0.41388888888888886,0.5222222222222223,en,2
Alex Peieira,Alex Peieira,PERSON,0.2766666666666667,0.3207407407407407,en,2
Holly Williams,Holly Williams,PERSON,0.0,0.0,en,2
REBECCA BUIS,REBECCA BUIS,PERSON,0.25,0.25,en,2
Brian Kemp,Brian Kemp,PERSON,0.0,0.0,en,2
Islam Ma,Islam Ma,PERSON,-0.1,0.2,en,2
Mitch McConnell,Mitch McConnell,PERSON,0.1111111111111111,0.3333333333333333,en,2
Robin Roberts,Robin Roberts,PERSON,0.3888888888888889,0.37222222222222223,en,2
Jan Blachowicz,Jan Blachowicz,PERSON,0.05833333333333333,0.25,en,2
Taylor Swifts,Taylor Swifts,PERSON,0.07585227272727271,0.34696969696969693,en,2
Matthew Needham,Matthew Needham,PERSON,0.0,0.0,en,2
Luke Rockhold,Luke Rockhold,PERSON,0.0,0.0,en,2
Gwyneth Paltrow,Gwyneth Paltrow,PERSON,0.275,0.35,en,2
Ruben Gallego,Ruben Gallego,PERSON,-0.30000000000000004,0.8500000000000001,en,2
Bari Weiss,Bari Weiss,PERSON,0.05,0.45,en,2
Britney Spears Biopic,Britney Spears Biopic,PERSON,0.05833333333333333,0.12222222222222223,en,2
Brady Tkachuk,Brady Tkachuk,PERSON,0.125,0.16666666666666666,en,2
Matt Corr,Matt Corr,PERSON,0.0,0.025,en,2
Brian Kilmeade,Brian Kilmeade,PERSON,0.06818181818181818,0.2897727272727273,en,2
Nate Jacobs,Nate Jacobs,PERSON,0.11174242424242424,0.7083333333333334,en,2
Elaine Chao,Elaine Chao,PERSON,0.1111111111111111,0.3333333333333333,en,2
Chanko” Zaynukov,Chanko” Zaynukov,PERSON,0.2240740740740741,0.3814814814814815,en,2
Kissing Natalie Harp,Kissing Natalie Harp,PERSON,0.10416666666666669,0.2847222222222222,en,2
Binyamin Netanyahu,Binyamin Netanyahu,PERSON,0.03333333333333334,0.26666666666666666,en,2
David Muir,David Muir,PERSON,0.3888888888888889,0.37222222222222223,en,2
Dricus du Plessis,Dricus du Plessis,PERSON,0.016666666666666666,0.30666666666666664,en,2
Rebecca Hall,Rebecca Hall,PERSON,0.07828282828282827,0.21464646464646464,en,2
Jackie Millsopp,Jackie Millsopp,PERSON,-0.1625,0.3125,en,2
Wellington Turman,Wellington Turman,PERSON,-0.10625,0.24375,en,2
Epstein Ties,Epstein Ties,PERSON,-0.09880952380952382,0.38571428571428573,en,2
Marine Le Pen,Marine Le Pen,PERSON,-0.0625,0.1875,en,2
Jack Antonoff,Jack Antonoff,PERSON,0.1625,0.1875,en,2
Deadline Bradley Cooper,Deadline Bradley Cooper,PERSON,0.05,0.3,en,2
Ryan Clark,Ryan Clark,PERSON,-0.07500000000000001,0.05,en,2
Reginald VelJohnson,Reginald VelJohnson,PERSON,0.07828282828282827,0.21464646464646464,en,2
Conor McGregor Vs,Conor McGregor Vs,PERSON,0.06818181818181818,0.25,en,2
James Cameron,James Cameron,PERSON,0.0,0.0,en,2
Dame Helen Mirren,Dame Helen Mirren,PERSON,0.5,0.5333333333333333,en,2
Drew Starkey,Drew Starkey,PERSON,0.07828282828282827,0.21464646464646464,en,2
Donald Trum,Donald Trum,PERSON,0.125,0.5166666666666667,en,2
Arthur Fery,Arthur Fery,PERSON,0.0,0.0,en,2
Eric Dane,Eric Dane,PERSON,0.2804383116883117,0.6907467532467533,en,2
Emmy Noms Domination,Emmy Noms Domination,PERSON,0.13749999999999998,0.23819444444444443,en,2
Erin Blanchfield,Erin Blanchfield,PERSON,0.0,0.0,en,2
Erika Kirk,Erika Kirk,PERSON,0.0,0.0,en,2
Adam Sandler,Adam Sandler,PERSON,0.0,0.65,en,1
Tom Cruise Explodes,Tom Cruise Explodes,PERSON,0.7,0.5,en,1
PARIS Dan Hooker,PARIS Dan Hooker,PERSON,0.125,0.325,en,1
Lady Gaga,Lady Gaga,PERSON,0.11212121212121212,0.2515151515151515,en,1
Alejandro González,Alejandro González,PERSON,0.024999999999999994,0.6,en,1
Kid Cudi,Kid Cudi,PERSON,0.3125,0.575,en,1
Dem James Talarico,Dem James Talarico,PERSON,-0.16666666666666666,0.16666666666666666,en,1
• Kylie Jenner,• Kylie Jenner,PERSON,0.13555555555555557,0.49111111111111116,en,1
Tommy Hilfiger Fall,Tommy Hilfiger Fall,PERSON,0.17424242424242423,0.41414141414141414,en,1
Kylie Jennershut,Kylie Jennershut,PERSON,-0.07777777777777779,0.6444444444444445,en,1
Jim Watson,Jim Watson,PERSON,0.0,0.0,en,1
Donald Trump Jelly Roll,Donald Trump Jelly Roll,PERSON,0.08522727272727272,0.3,en,1
Kanishka Singh,Kanishka Singh,PERSON,0.21428571428571427,0.5714285714285714,en,1
Randy Sartin-Imagn Images,Randy Sartin-Imagn Images,PERSON,0.0,0.0,en,1
Pat McAfee,Pat McAfee,PERSON,0.20833333333333334,0.625,en,1
Jair Bolsonaro,Jair Bolsonaro,PERSON,0.05,0.2,en,1
Olivia Wilde,Olivia Wilde,PERSON,0.0,0.5,en,1
Valentina Shevchenko,Valentina Shevchenko,PERSON,0.0,0.0,en,1
Matthew Broderick,Matthew Broderick,PERSON,0.0,0.5,en,1
Song Yadong KOing Umar Nurmagomedov,Song Yadong KOing Umar Nurmagomedov,PERSON,0.0,0.0,en,1
Arman Tsarukyan Sets Lofty Goals,Arman Tsarukyan Sets Lofty Goals,PERSON,0.0,0.0,en,1
Alyssa Farrah Griffin,Alyssa Farrah Griffin,PERSON,0.8,0.2,en,1
Oscar Buzz,Oscar Buzz,PERSON,0.55,0.3,en,1
George McGuigan,George McGuigan,PERSON,0.0909090909090909,0.30303030303030304,en,1
Kylie Jenner Squashes,Kylie Jenner Squashes,PERSON,0.5,0.5,en,1
Tye Tribbett,Tye Tribbett,PERSON,-0.1,0.7,en,1
Marry Him,Marry Him,PERSON,0.0,0.65,en,1
Theo James Pours Chilled,Theo James Pours Chilled,PERSON,0.0,0.0,en,1
Reiner de Ridder,Reiner de Ridder,PERSON,0.0,0.0,en,1
Flavio Bolson,Flavio Bolson,PERSON,0.06785714285714285,0.4464285714285714,en,1
MS Dhoni,MS Dhoni,PERSON,0.17662337662337663,0.5006493506493507,en,1
Paris Hilton,Paris Hilton,PERSON,0.375,0.4666666666666667,en,1
Joshua Van-Rainbet,Joshua Van-Rainbet,PERSON,0.0,0.125,en,1
Mike Perry,Mike Perry,PERSON,-0.19444444444444445,0.9166666666666667,en,1
Merab Dvalishvi,Merab Dvalishvi,PERSON,-0.25,0.25,en,1
City Kickboxing,City Kickboxing,PERSON,0.0,0.0,en,1
Vinod Khosla,Vinod Khosla,PERSON,0.17662337662337663,0.5006493506493507,en,1
Jim WATSON,Jim WATSON,PERSON,0.0,0.0,en,1
Joe Scarborough,Joe Scarborough,PERSON,0.24074074074074078,0.5296296296296297,en,1
Beauty Line,Beauty Line,PERSON,0.2,0.6,en,1
Yayoi Kusama,Yayoi Kusama,PERSON,-0.0625,0.1875,en,1
Eugene Bareman,Eugene Bareman,PERSON,0.0,0.0,en,1
USS Lincoln,USS Lincoln,PERSON,0.0,0.0,en,1
Tom Cruise Going,Tom Cruise Going,PERSON,-0.375,0.375,en,1
John Shearer,John Shearer,PERSON,-0.09999999999999999,0.3666666666666667,en,1
Taylor Swift Pays,Taylor Swift Pays,PERSON,0.0,0.0,en,1
Michael Buckner,Michael Buckner,PERSON,0.0,0.0,en,1
Lola Petticr,Lola Petticr,PERSON,-0.2916666666666667,0.5416666666666666,en,1
Sherdog Prospect Watch,Sherdog Prospect Watch,PERSON,0.0,0.0,en,1
Randy Newman,Randy Newman,PERSON,0.3125,0.575,en,1
Anne Hathaway Blocked,Anne Hathaway Blocked,PERSON,0.175,0.5750000000000001,en,1
Lula da Silva,Lula da Silva,PERSON,0.05,0.2,en,1
Justin Gaethje avenged,Justin Gaethje avenged,PERSON,0.0,0.0,en,1
Luiz Inacio Lula da Silva,Luiz Inacio Lula da Silva,PERSON,0.06785714285714285,0.4464285714285714,en,1
Swift Shine,Swift Shine,PERSON,0.0,0.0,en,1
Sunny Hostin,Sunny Hostin,PERSON,0.8,0.2,en,1
Ana Navarro,Ana Navarro,PERSON,0.8,0.2,en,1
Rupert Murdoch,Rupert Murdoch,PERSON,0.0,0.0,en,1
Brianna Paciorka,Brianna Paciorka,PERSON,0.0,0.0,en,1
Brandon Lake,Brandon Lake,PERSON,-0.1,0.7,en,1
Jack O’Connell,Jack O’Connell,PERSON,0.0,0.0,en,1
Natalie Grant,Natalie Grant,PERSON,-0.3,0.6,en,1
Guy Pearce,Guy Pearce,PERSON,0.0,0.0,en,1
Whoopi Goldberg,Whoopi Goldberg,PERSON,0.8,0.2,en,1
George Floyd,George Floyd,PERSON,-0.1,0.2,en,1
Pete Hegse,Pete Hegse,PERSON,0.0,0.36111111111111116,en,1
Son Yadong,Son Yadong,PERSON,0.0,0.0,en,1
Anne Hathaway‘s,Anne Hathaway‘s,PERSON,0.25,0.8500000000000001,en,1
Sean Evans,Sean Evans,PERSON,0.25,0.8500000000000001,en,1
Reiner de Ridder wh,Reiner de Ridder wh,PERSON,0.0,0.0,en,1
Denise Gomes,Denise Gomes,PERSON,-0.1,0.2833333333333333,en,1
Bradley Cooper,Bradley Cooper,PERSON,0.13636363636363635,0.45454545454545453,en,1
Xi J,Xi J,PERSON,0.6,0.9,en,1
Natalie Got,Natalie Got,PERSON,-0.18333333333333335,0.3833333333333333,en,1
jabsThe Hill,jabsThe Hill,PERSON,0.079004329004329,0.42142857142857143,en,1
Song Yadong’MMA,Song Yadong’MMA,PERSON,0.20833333333333334,0.3,en,1
Cynthia Erivo,Cynthia Erivo,PERSON,0.8,0.4,en,1
John Malkovich,John Malkovich,PERSON,0.0,0.0,en,1
Jimmy KimmelRed State,Jimmy KimmelRed State,PERSON,0.0,0.0,en,1
Depositphotos Hardaway,Depositphotos Hardaway,PERSON,0.0,0.0,en,1
Matt Damon,Matt Damon,PERSON,0.0,0.0,en,1
Glenn Close,Glenn Close,PERSON,0.0,0.0,en,1
Marlene Dietrich,Marlene Dietrich,PERSON,0.0,0.0,en,1
Peter Sellers,Peter Sellers,PERSON,0.0,0.0,en,1
Andrew Harnik,Andrew Harnik,PERSON,0.0,0.0,en,1
Tom Cruise Save,Tom Cruise Save,PERSON,0.0,0.0,en,1
Ava Gardner,Ava Gardner,PERSON,0.0,0.0,en,1
Ralph Fiennes,Ralph Fiennes,PERSON,0.0,0.0,en,1
Onshoring WI,Onshoring WI,PERSON,0.06818181818181818,0.7272727272727273,en,1
Dorothy Dandridge,Dorothy Dandridge,PERSON,0.0,0.0,en,1
Natalie Wood,Natalie Wood,PERSON,0.0,0.0,en,1
Alex BillingtonOctober,Alex BillingtonOctober,PERSON,-0.5,0.3,en,1
Johner Images,Johner Images,PERSON,0.5,0.9,en,1
tim hardaway sr,tim hardaway sr,PERSON,0.025,0.025,en,1
Tom Cruise Acts His Ass Off,Tom Cruise Acts His Ass Off,PERSON,0.25,0.5,en,1
Merab Dvali,Merab Dvali,PERSON,0.0,0.0,en,1
Newsmaxs Carl Higbie,Newsmaxs Carl Higbie,PERSON,-0.08762626262626265,0.4222222222222222,en,1
SONG YADONG,SONG YADONG,PERSON,-0.3,1.0,en,1
UFC bantamwei,UFC bantamwei,PERSON,0.0,0.0,en,1
Dakota Jo,Dakota Jo,PERSON,0.425,0.46249999999999997,en,1
Song Yadong Umar Nurmagomedov,Song Yadong Umar Nurmagomedov,PERSON,-0.6,0.9,en,1
Song Yadong pi,Song Yadong pi,PERSON,0.11666666666666667,0.15833333333333333,en,1
Delcy Rodriguez,Delcy Rodriguez,PERSON,0.0,0.0,en,1
Anne Hathaway Joining,Anne Hathaway Joining,PERSON,0.0,0.0,en,1
Yadong Odds,Yadong Odds,PERSON,0.35,0.55,en,1
Anne Hathaway co,Anne Hathaway co,PERSON,0.0,0.0,en,1
MAGA Mike Collins,MAGA Mike Collins,PERSON,0.0,0.0,en,1
Bilal Hasan,Bilal Hasan,PERSON,0.4333333333333333,0.7333333333333333,en,1
Umar Nurmagmedov,Umar Nurmagmedov,PERSON,0.08333333333333333,0.16666666666666666,en,1
Tim Robinson,Tim Robinson,PERSON,0.0,0.0,en,1
McBride i,McBride i,PERSON,0.13636363636363635,0.45454545454545453,en,1
John Gilmore,John Gilmore,PERSON,0.0,0.0,en,1
Robert Redford,Robert Redford,PERSON,-0.3333333333333333,0.6666666666666666,en,1
Song Yadong Usman Nurmagomedov,Song Yadong Usman Nurmagomedov,PERSON,-0.3125,0.6875,en,1
Junkie Khabib,Junkie Khabib,PERSON,-0.06277777777777777,0.5277777777777778,en,1
overUmar Nurmagom,overUmar Nurmagom,PERSON,0.32222222222222224,0.34444444444444444,en,1
Fernando Carmona,Fernando Carmona,PERSON,0.06818181818181818,0.2772727272727273,en,1
Will Levis,Will Levis,PERSON,0.06818181818181818,0.2772727272727273,en,1
Hillary Clinton,Hillary Clinton,PERSON,0.5,1.0,en,1
The Jennifer Hudson Show,The Jennifer Hudson Show,PERSON,-0.6666666666666666,1.0,en,1
Jennifer Hudson,Jennifer Hudson,PERSON,0.5,0.5,en,1
Fred Flintstone,Fred Flintstone,PERSON,0.15,0.6,en,1
Parnasse Fight,Parnasse Fight,PERSON,0.0,0.0,en,1
Ryan Coleman-Williams,Ryan Coleman-Williams,PERSON,0.15416666666666667,0.6,en,1
Dax She,Dax She,PERSON,0.0,0.0,en,1
Ariana Grande,Ariana Grande,PERSON,-0.08042328042328044,0.4201058201058201,en,1
Leena Nasir,Leena Nasir,PERSON,-0.15555555555555559,0.2888888888888889,en,1
The Son of a Sinner,The Son of a Sinner,PERSON,0.2,0.30000000000000004,en,1
The Jennifer Hudson Showa,The Jennifer Hudson Showa,PERSON,0.0,0.0,en,1
Tom Cruise Ca,Tom Cruise Ca,PERSON,0.11787878787878787,0.38181818181818183,en,1
Salty Cejudo,Salty Cejudo,PERSON,-0.3,0.1,en,1
Tom Cottons,Tom Cottons,PERSON,-0.04027777777777778,0.2111111111111111,en,1
Matthew Stafford,Matthew Stafford,PERSON,-0.25,0.25,en,1
Earle Meets World,Earle Meets World,PERSON,0.0,0.0,en,1
Alix Earles,Alix Earles,PERSON,0.0,0.0,en,1
Alix Earle,Alix Earle,PERSON,0.0,0.0,en,1
Flavio Bolsonaro,Flavio Bolsonaro,PERSON,0.05,0.2,en,1
Mathieu Pigasse,Mathieu Pigasse,PERSON,0.4,0.5,en,1
Tom Cruise To Go Full MAGA,Tom Cruise To Go Full MAGA,PERSON,0.375,0.575,en,1
Ben Hendren,Ben Hendren,PERSON,0.0,0.25,en,1
Sundown doxxes,Sundown doxxes,PERSON,0.0,0.0,en,1
Maria Bar,Maria Bar,PERSON,0.55,0.65,en,1
Jeffrey Katzenberg,Jeffrey Katzenberg,PERSON,0.0,0.0,en,1
Casey DeSantis,Casey DeSantis,PERSON,0.0,0.1,en,1
BANJA LUKA,BANJA LUKA,PERSON,0.0,0.06666666666666667,en,1
Jimmy Kimmell Live,Jimmy Kimmell Live,PERSON,0.08522727272727272,0.25,en,1
Tom Cruise Rock,Tom Cruise Rock,PERSON,0.0,0.0,en,1
Tom Cruise Movie’s,Tom Cruise Movie’s,PERSON,0.10883838383838385,0.4563131313131313,en,1
Alejandro González Iñárritus,Alejandro González Iñárritus,PERSON,0.3,0.65,en,1
Tom Cruise Was Born for the Spirit,Tom Cruise Was Born for the Spirit,PERSON,0.5,0.5,en,1
Keisha Lance Bottoms,Keisha Lance Bottoms,PERSON,0.15787037037037038,0.5777777777777778,en,1
Tom Cruise Was Born for the Spirit Tunnel - The Cut,Tom Cruise Was Born for the Spirit Tunnel - The Cut,PERSON,0.0,0.0,en,1
Shawn Levyto,Shawn Levyto,PERSON,0.03125,0.5,en,1
Ghost Riderreboot,Ghost Riderreboot,PERSON,0.03125,0.5,en,1
Down Tom Cruise,Down Tom Cruise,PERSON,-0.02777777777777779,0.34444444444444444,en,1
Alexandr Shabliy,Alexandr Shabliy,PERSON,0.1,0.1,en,1
Jared Isaacman,Jared Isaacman,PERSON,0.85,1.0,en,1
Armando Iannucci,Armando Iannucci,PERSON,-0.04027777777777778,0.2111111111111111,en,1
Joel Kowsky,Joel Kowsky,PERSON,0.19999999999999998,0.6666666666666666,en,1
Vince McM,Vince McM,PERSON,0.125,0.375,en,1
Iran Down,Iran Down,PERSON,-0.15555555555555559,0.2888888888888889,en,1
Taylor Swift Clowned,Taylor Swift Clowned,PERSON,0.03333333333333333,0.39999999999999997,en,1
Tom Cruise Parachutes,Tom Cruise Parachutes,PERSON,0.0,0.0,en,1
Inde Navarrette,Inde Navarrette,PERSON,0.175,0.575,en,1
Queen Latifah,Queen Latifah,PERSON,0.175,0.575,en,1
Martha Stewart,Martha Stewart,PERSON,0.175,0.575,en,1
Grace Panetta,Grace Panetta,PERSON,0.375,0.75,en,1
Orlando Bloom,Orlando Bloom,PERSON,0.175,0.575,en,1
Jens Büttner,Jens Büttner,PERSON,0.03333333333333333,0.06666666666666667,en,1
Leif-Erik Holm,Leif-Erik Holm,PERSON,0.03333333333333333,0.06666666666666667,en,1
Roy Cooper Not Fighting Left Fringe,Roy Cooper Not Fighting Left Fringe,PERSON,0.0,0.0,en,1
Demis Hassabis,Demis Hassabis,PERSON,-0.15555555555555559,0.2888888888888889,en,1
Ossoff nar,Ossoff nar,PERSON,0.0,0.0,en,1
Arman Tsarukyan-Mauricio Ruffy,Arman Tsarukyan-Mauricio Ruffy,PERSON,0.0,1.0,en,1
Kamala Harris runsNY Post,Kamala Harris runsNY Post,PERSON,0.0,0.0,en,1
Taylor Swift Knows Ball,Taylor Swift Knows Ball,PERSON,0.0,0.0,en,1
| Van,| Van,PERSON,0.16666666666666666,0.3333333333333333,en,1
Aaron Rupar,Aaron Rupar,PERSON,-0.3666666666666667,0.9666666666666667,en,1
Taylor Swiftmade,Taylor Swiftmade,PERSON,-0.015000000000000003,0.2816666666666666,en,1
Jimmy Fa,Jimmy Fa,PERSON,-0.015000000000000003,0.2816666666666666,en,1
Hassett cherry,Hassett cherry,PERSON,0.07999999999999999,0.6799999999999999,en,1
Kristin Brinker,Kristin Brinker,PERSON,0.25,0.25,en,1
Jimmy Fallon‘s,Jimmy Fallon‘s,PERSON,0.0,0.0,en,1
Tom Cruise Reveals What He,Tom Cruise Reveals What He,PERSON,-0.19,0.38166666666666665,en,1
Georgia Dawg,Georgia Dawg,PERSON,0.2,0.3,en,1
Molly Taft,Molly Taft,PERSON,0.0,0.0,en,1
331 li,331 li,PERSON,-0.27499999999999997,0.5777777777777778,en,1
Abraham Kawa,Abraham Kawa,PERSON,0.0,1.0,en,1
Akiva Goldsman,Akiva Goldsman,PERSON,0.0,0.0,en,1
Arman Tsaruykan,Arman Tsaruykan,PERSON,0.0,0.0,en,1
Bass Persuades,Bass Persuades,PERSON,-0.037500000000000006,0.14166666666666666,en,1
Katie Hannon,Katie Hannon,PERSON,0.0,0.0,en,1
Catherine Connolly,Catherine Connolly,PERSON,0.0,0.4,en,1
Sacre bleu,Sacre bleu,PERSON,-0.4318181818181818,0.7272727272727273,en,1
Amanda Lear,Amanda Lear,PERSON,-0.4318181818181818,0.7272727272727273,en,1
Kimmel Trump,Kimmel Trump,PERSON,0.0,0.0,en,1
Jimmy Kimmel Trump,Jimmy Kimmel Trump,PERSON,-0.375,0.5,en,1
RAF Abu Dhabi,RAF Abu Dhabi,PERSON,0.0,0.0,en,1
Mike Bohn,Mike Bohn,PERSON,0.0,0.0,en,1
Edith Bowma,Edith Bowma,PERSON,0.55,0.7,en,1
Marlon Chito Vera secu,Marlon Chito Vera secu,PERSON,0.0,0.75,en,1
Kimmel Combo,Kimmel Combo,PERSON,0.0,1.0,en,1
Bad Bunny,Bad Bunny,PERSON,-0.23999999999999994,0.26,en,1
Rehan Ahmed,Rehan Ahmed,PERSON,0.0,0.0,en,1
Rihanna Vinyl,Rihanna Vinyl,PERSON,0.0,0.0,en,1
Billie Eilish,Billie Eilish,PERSON,0.55,0.7,en,1
Friedrich Merz’s,Friedrich Merz’s,PERSON,0.04999999999999999,0.5,en,1
Travis Kel,Travis Kel,PERSON,-0.17857142857142858,0.2857142857142857,en,1
Arman Tsarukyan Props,Arman Tsarukyan Props,PERSON,0.0,0.0,en,1
Paul Bunyan,Paul Bunyan,PERSON,-0.2,0.4,en,1
Audie Cornish,Audie Cornish,PERSON,0.0,0.0,en,1
Justin Gaethje Feud,Justin Gaethje Feud,PERSON,0.0,0.0,en,1
Cara Delevi,Cara Delevi,PERSON,0.0,0.5,en,1
E10 gasol,E10 gasol,PERSON,0.0,1.0,en,1
Lumines Remastered,Lumines Remastered,PERSON,0.06818181818181818,0.3522727272727273,en,1
Alejandro González Iñárritu’s,Alejandro González Iñárritu’s,PERSON,0.0,0.0,en,1
Jon Jackoff,Jon Jackoff,PERSON,0.0,0.0,en,1
Aleksandre Topuria,Aleksandre Topuria,PERSON,0.03333333333333333,0.3666666666666667,en,1
Tom Ditch,Tom Ditch,PERSON,0.0,0.0,en,1
Emmanuel “Chivo” Lubezki,Emmanuel “Chivo” Lubezki,PERSON,0.0,0.0,en,1
Will Tom Cruise Do,Will Tom Cruise Do,PERSON,0.8,0.4,en,1
Angine de P,Angine de P,PERSON,0.0,0.0,en,1
Alexandre P,Alexandre P,PERSON,0.0,0.0,en,1
Gilderoy Lockhart,Gilderoy Lockhart,PERSON,0.0,0.0,en,1
Reid H,Reid H,PERSON,0.0,0.0,en,1
Gavin Ne,Gavin Ne,PERSON,0.0,0.0,en,1
Umar Kremlev,Umar Kremlev,PERSON,-0.03333333333333333,0.26666666666666666,en,1
Vladimir Putinlinked,Vladimir Putinlinked,PERSON,-0.03333333333333333,0.26666666666666666,en,1
Don Jr,Don Jr,PERSON,0.0,0.0,en,1
Jerry MaGuire,Jerry MaGuire,PERSON,0.3333333333333333,0.4000000000000001,en,1
Tom Cruise Addresses Misconception,Tom Cruise Addresses Misconception,PERSON,0.2,1.0,en,1
Thomas Cruise Mapother III,Thomas Cruise Mapother III,PERSON,0.0,0.0,en,1
Paolo Ragusa Rosie O’Donnell,Paolo Ragusa Rosie O’Donnell,PERSON,-0.07142857142857142,0.14285714285714285,en,1
Mary Lee Pfeiffer,Mary Lee Pfeiffer,PERSON,0.0,0.0,en,1
Nate Diaz Trolls,Nate Diaz Trolls,PERSON,0.0,0.0,en,1
Philippe Brun,Philippe Brun,PERSON,0.0,0.5,en,1
Dakota Johnsonmight,Dakota Johnsonmight,PERSON,0.0,0.0,en,1
I Am Intense”,I Am Intense”,PERSON,0.2,1.0,en,1
Chris Martin,Chris Martin,PERSON,0.0,0.0,en,1
Tom Cruise Pokes Fun,Tom Cruise Pokes Fun,PERSON,0.3,0.55,en,1
Taylor Swift Surprises Emmys,Taylor Swift Surprises Emmys,PERSON,-0.4,0.4,en,1
Taylor Swift Cameos,Taylor Swift Cameos,PERSON,0.0,0.0,en,1
Tom Cru,Tom Cru,PERSON,-0.4,0.4,en,1
Ilia Topuria Snaps,Ilia Topuria Snaps,PERSON,0.0,0.0,en,1
Stephen Colbert Begs,Stephen Colbert Begs,PERSON,-0.3,0.6,en,1
Evelyn McGee,Evelyn McGee,PERSON,0.5,1.0,en,1
Peter Welch,Peter Welch,PERSON,0.0,0.0,en,1
Tom Homans Fraud ProbeDrinking,Tom Homans Fraud ProbeDrinking,PERSON,0.0,0.0,en,1
Jimmy Fallon Mocks,Jimmy Fallon Mocks,PERSON,0.0,0.0,en,1
Joshua Van’s,Joshua Van’s,PERSON,0.17222222222222222,0.5444444444444445,en,1
Ilhan Omar,Ilhan Omar,PERSON,0.0,0.0,en,1
Rahul Gandhi,Rahul Gandhi,PERSON,0.13636363636363635,0.45454545454545453,en,1
Mallikarjun Kharge,Mallikarjun Kharge,PERSON,0.13636363636363635,0.45454545454545453,en,1
Taylor Swif,Taylor Swif,PERSON,0.0,0.0,en,1
MMA GOAT,MMA GOAT,PERSON,0.0,0.0,en,1
Ines de Ramon,Ines de Ramon,PERSON,0.0,0.3333333333333333,en,1
Anne Rices,Anne Rices,PERSON,-0.8,1.0,en,1
Easter Eggs,Easter Eggs,PERSON,0.0,0.0,en,1
Tim Apple,Tim Apple,PERSON,0.0,0.0,en,1
Kennedy Center,Kennedy Center,PERSON,-0.018518518518518528,0.16296296296296298,en,1
Ilia Topuri,Ilia Topuri,PERSON,0.0,0.5,en,1
Tom Cruise Absolutely Annhilates,Tom Cruise Absolutely Annhilates,PERSON,0.2,0.9,en,1
Leonardo DiCaprio,Leonardo DiCaprio,PERSON,0.0,0.0,en,1
Shailene Woodley,Shailene Woodley,PERSON,-0.3833333333333333,0.6777777777777777,en,1
Tom Cruise alla premiere del,Tom Cruise alla premiere del,PERSON,0.0,0.0,en,1
Lindsay Clancy,Lindsay Clancy,PERSON,0.0,0.0,en,1
Al Jazeeras,Al Jazeeras,PERSON,0.0,0.0,en,1
Elizabeth Warren,Elizabeth Warren,PERSON,-1.0,1.0,en,1
‘Jaws of Death,‘Jaws of Death,PERSON,-0.15555555555555559,0.2888888888888889,en,1
Jimmy Fallon”Jimmy Fallon,Jimmy Fallon”Jimmy Fallon,PERSON,0.8,0.4,en,1
Scott Bess,Scott Bess,PERSON,-0.013888888888888895,0.22222222222222224,en,1
Patrick Clancy,Patrick Clancy,PERSON,0.0,0.0,en,1
Dmitry Peskov,Dmitry Peskov,PERSON,0.225,0.5,en,1
Antonio Guterres,Antonio Guterres,PERSON,0.01428571428571429,0.22380952380952382,en,1
S Jaishankar,S Jaishankar,PERSON,0.01428571428571429,0.22380952380952382,en,1
Teleprompter Glitch,Teleprompter Glitch,PERSON,0.0,0.0,en,1
Alexandre Pa,Alexandre Pa,PERSON,0.3333333333333333,0.6666666666666666,en,1
Billy Crystal,Billy Crystal,PERSON,0.3181818181818182,0.4772727272727273,en,1
Bradley Whitford,Bradley Whitford,PERSON,0.3181818181818182,0.4772727272727273,en,1
Raúl Esparza,Raúl Esparza,PERSON,0.3181818181818182,0.4772727272727273,en,1
Toronto Sun,Toronto Sun,PERSON,0.5,0.5,en,1
Dan Hooker’s,Dan Hooker’s,PERSON,0.0,0.0,en,1
PARIS Salahdine Parnasse,PARIS Salahdine Parnasse,PERSON,0.0,0.0,en,1
Emma DArcy,Emma DArcy,PERSON,0.2,0.9,en,1
Gina Carano,Gina Carano,PERSON,-0.25,0.25,en,1
Alan Jouban,Alan Jouban,PERSON,0.611111111111111,0.7333333333333334,en,1
Terrance McKinney,Terrance McKinney,PERSON,0.611111111111111,0.7333333333333334,en,1
Lance Oppenheim,Lance Oppenheim,PERSON,0.36,0.52,en,1
Tom Cruise e il,Tom Cruise e il,PERSON,0.0,0.0,en,1
regista Inarritu,regista Inarritu,PERSON,0.0,0.0,en,1
EMI CalculatorDetermine,EMI CalculatorDetermine,PERSON,0.16666666666666666,0.3333333333333333,en,1
Melanija Knavs,Melanija Knavs,PERSON,0.1,0.2,en,1
Taylor Swift Turns,Taylor Swift Turns,PERSON,0.0,0.0,en,1
Epstein surv,Epstein surv,PERSON,-0.15555555555555559,0.2888888888888889,en,1
Alexander Volk,Alexander Volk,PERSON,0.0,1.0,en,1
Shakur Steveson Smeshed,Shakur Steveson Smeshed,PERSON,0.0,0.16666666666666666,en,1
Alexander Volkanovski’s,Alexander Volkanovski’s,PERSON,0.0,0.0,en,1
Taylor Swift Accepts,Taylor Swift Accepts,PERSON,0.0,0.0,en,1
Usman Nurmagomedov Henry Cejudo,Usman Nurmagomedov Henry Cejudo,PERSON,0.0,0.0,en,1
Howard Chaykin,Howard Chaykin,PERSON,0.0,0.0,en,1
Charli XCX,Charli XCX,PERSON,0.2,0.35,en,1
Dan Hooker v,Dan Hooker v,PERSON,0.47222222222222227,0.5333333333333333,en,1
Patti Smith,Patti Smith,PERSON,0.55,0.75,en,1
Kacey Musgraves,Kacey Musgraves,PERSON,0.0,0.125,en,1
Will Parnasse,Will Parnasse,PERSON,0.0,0.0,en,1
Dwayne Johnson,Dwayne Johnson,PERSON,0.10000000000000005,0.5555555555555555,en,1
Jack Whitehall,Jack Whitehall,PERSON,0.10000000000000005,0.5555555555555555,en,1
Harry Potter Audition Story,Harry Potter Audition Story,PERSON,-0.35,0.5,en,1
De Wever,De Wever,PERSON,0.11250000000000002,0.3625,en,1
Narendra Modi,Narendra Modi,PERSON,0.11250000000000002,0.3625,en,1
MARIO GUZMAN MARIO GUZMAN,MARIO GUZMAN MARIO GUZMAN,PERSON,0.0,0.0,en,1
Alejandro Gonzalez Inarritu,Alejandro Gonzalez Inarritu,PERSON,0.0,0.0,en,1
Max Holloway - CBS Sports,Max Holloway - CBS Sports,PERSON,0.0,0.0,en,1
Robin Hood,Robin Hood,PERSON,0.0,0.0,en,1
Looney Tunes,Looney Tunes,PERSON,0.0,0.0,en,1
Taylor Swift-Fueled Momentum,Taylor Swift-Fueled Momentum,PERSON,0.0,0.0,en,1
DC St,DC St,PERSON,0.0,0.5,en,1
James Gunn,James Gunn,PERSON,0.0,1.0,en,1
Parnasse crumbl,Parnasse crumbl,PERSON,0.0,1.0,en,1
Song Yadong KO,Song Yadong KO,PERSON,0.08333333333333333,0.14444444444444446,en,1
Max Holloway callout,Max Holloway callout,PERSON,0.4444444444444444,0.5555555555555555,en,1
Adam Shulman,Adam Shulman,PERSON,0.27777777777777773,0.6333333333333333,en,1
Alex BillingtonSeptember,Alex BillingtonSeptember,PERSON,0.10227272727272727,0.46090909090909093,en,1
Tom Hanks,Tom Hanks,PERSON,0.0,0.0,en,1
Chuck Schumer,Chuck Schumer,PERSON,0.0,0.0,en,1
Hakeem J,Hakeem J,PERSON,0.25,0.25,en,1
Tom C,Tom C,PERSON,0.03409090909090909,0.5636363636363637,en,1
Elizabeth II,Elizabeth II,PERSON,0.03333333333333335,0.3333333333333333,en,1
Derby Tom Cruise,Derby Tom Cruise,PERSON,0.26,0.4133333333333333,en,1
Ilia Top,Ilia Top,PERSON,0.0,0.5,en,1
Swiftiephylus Taylorae,Swiftiephylus Taylorae,PERSON,0.0,0.0,en,1
Paddy Pimble,Paddy Pimble,PERSON,0.0,0.0,en,1
Maren Wade,Maren Wade,PERSON,0.05,0.15000000000000002,en,1
Tommy Hilfiger Spring,Tommy Hilfiger Spring,PERSON,0.0,0.0,en,1
Tom Cruise‘s Digger,Tom Cruise‘s Digger,PERSON,0.18229166666666666,0.43625,en,1
Nathan Fielder,Nathan Fielder,PERSON,0.18229166666666666,0.43625,en,1
Alexandre Pant,Alexandre Pant,PERSON,0.0,0.4666666666666666,en,1
Tom Cruise Would Love To Work,Tom Cruise Would Love To Work,PERSON,0.175,0.5416666666666666,en,1
David Ayer,David Ayer,PERSON,0.2,0.5,en,1
Emma D’Arcy,Emma D’Arcy,PERSON,0.2,0.9,en,1
Oprah Winfrey,Oprah Winfrey,PERSON,0.0,0.0,en,1
Eddie Fu,Eddie Fu,PERSON,-0.2,0.2,en,1
Robin Hood Daffy_,Robin Hood Daffy_,PERSON,0.0,0.0,en,1
Max Holloway Salahdine Parnasse,Max Holloway Salahdine Parnasse,PERSON,0.37083333333333335,0.41111111111111115,en,1
Justin Gaethj,Justin Gaethj,PERSON,0.25,0.3333333333333333,en,1
Tom Cruise Transformed Into A Terrifying Villain,Tom Cruise Transformed Into A Terrifying Villain,PERSON,-1.0,1.0,en,1
Ray Boyd,Ray Boyd,PERSON,0.3,0.6,en,1
Jay Ellis,Jay Ellis,PERSON,0.13636363636363635,0.45454545454545453,en,1
Tim Welch,Tim Welch,PERSON,0.0,0.25,en,1
Taylor Swift Ruined Music,Taylor Swift Ruined Music,PERSON,0.0,0.0,en,1
Max Martin,Max Martin,PERSON,0.36818181818181817,0.6772727272727272,en,1
Taylor Swift Tickets,Taylor Swift Tickets,PERSON,0.0,0.0,en,1
Hannah gai,Hannah gai,PERSON,0.0,0.0,en,1
Taylor Swift ge,Taylor Swift ge,PERSON,0.0,0.1,en,1
Rebecca Welton,Rebecca Welton,PERSON,0.1,0.675,en,1
Tom Cruise Prefers Dark Blue Tuxes,Tom Cruise Prefers Dark Blue Tuxes,PERSON,-0.04333333333333333,0.24666666666666667,en,1
the Ted Lasso,the Ted Lasso,PERSON,0.06818181818181818,0.22727272727272727,en,1
Luke Bryan,Luke Bryan,PERSON,0.525,0.6166666666666667,en,1
Trump Tailspins,Trump Tailspins,PERSON,0.0,0.0,en,1
Donald Tr,Donald Tr,PERSON,-0.14285714285714285,0.35714285714285715,en,1
Donald T,Donald T,PERSON,-0.14285714285714285,0.35714285714285715,en,1
Vittorio Zunino,Vittorio Zunino,PERSON,0.6,0.9,en,1
Arman Tsarukyan’s,Arman Tsarukyan’s,PERSON,0.0,0.0,en,1
Ian Machado Garry t,Ian Machado Garry t,PERSON,0.30158730158730157,0.4638888888888889,en,1
Donald Trump Jabs,Donald Trump Jabs,PERSON,0.0,0.0,en,1
Kirsty Wigglesworth,Kirsty Wigglesworth,PERSON,0.0,0.0,en,1
Oliver Brown,Oliver Brown,PERSON,0.3,0.5,en,1
Enzo Fernánd,Enzo Fernánd,PERSON,-0.09999999999999999,0.5666666666666667,en,1
Pete Hegseths,Pete Hegseths,PERSON,0.2,0.4666666666666667,en,1
Chuck Grassley,Chuck Grassley,PERSON,0.016666666666666673,0.18888888888888888,en,1
Bill Maher Torches,Bill Maher Torches,PERSON,-0.4375,0.5,en,1
Bill Maher Blasts Celebrities,Bill Maher Blasts Celebrities,PERSON,0.0,0.0,en,1
Cody Gibson,Cody Gibson,PERSON,0.05000000000000002,0.5,en,1
Luke Gosling,Luke Gosling,PERSON,0.0,0.0,en,1
King Charles’s,King Charles’s,PERSON,-0.05,0.05,en,1
David Connolly,David Connolly,PERSON,0.15000000000000002,0.55,en,1
Lin Jian,Lin Jian,PERSON,0.05227272727272727,0.16590909090909092,en,1
Fox Newss,Fox Newss,PERSON,0.25,0.5,en,1
Steveson Valter Walker,Steveson Valter Walker,PERSON,0.0,0.1,en,1
Laurent Duplomb,Laurent Duplomb,PERSON,0.5,0.75,en,1
Michael Spitsbing,Michael Spitsbing,PERSON,0.0,0.0,en,1
Elisha Elli,Elisha Elli,PERSON,0.0,0.0,en,1
Bruce Buffer Recalls,Bruce Buffer Recalls,PERSON,0.0,0.65,en,1
Ben Kamisar,Ben Kamisar,PERSON,0.2,0.75,en,1
Brock Lesnar,Brock Lesnar,PERSON,0.17666666666666667,0.47333333333333333,en,1
Ian Garrys,Ian Garrys,PERSON,0.4,0.75,en,1
Marcelo Alonso,Marcelo Alonso,PERSON,0.0,0.0,en,1
Amanda Westcott,Amanda Westcott,PERSON,0.0,0.625,en,1
the Josh Hokit,the Josh Hokit,PERSON,0.0,0.0,en,1
Kelly Olynyk,Kelly Olynyk,PERSON,-0.2,0.3,en,1
Makhachev UFC,Makhachev UFC,PERSON,0.0,0.0,en,1
Daniel Siads,Daniel Siads,PERSON,0.0,0.0,en,1
Ian Machado Garry channeling,Ian Machado Garry channeling,PERSON,0.0,0.0,en,1
Anthony Cassioppi,Anthony Cassioppi,PERSON,0.0,0.2,en,1
the Dark Knight,the Dark Knight,PERSON,0.425,0.7,en,1
PM Wong,PM Wong,PERSON,0.13636363636363635,0.45454545454545453,en,1
‘King of the North’,‘King of the North’,PERSON,-0.06000000000000001,0.08,en,1
Triple H,Triple H,PERSON,0.0,1.0,en,1
King of the North,King of the North,PERSON,-0.06000000000000001,0.08,en,1
Brian Wang,Brian Wang,PERSON,0.6,0.9,en,1
Randy Moss,Randy Moss,PERSON,0.0,0.25,en,1
Calvin Johnson,Calvin Johnson,PERSON,0.0,0.25,en,1
Taylor Swifts bow,Taylor Swifts bow,PERSON,0.5,0.9,en,1
Kristin Juszczyk,Kristin Juszczyk,PERSON,1.0,1.0,en,1
Sydney Sweeney Starring,Sydney Sweeney Starring,PERSON,-0.1,0.05,en,1
Travis Kelce ,Travis Kelce ,PERSON,-0.020000000000000004,0.31999999999999995,en,1
Sergei Pavlovich,Sergei Pavlovich,PERSON,0.2857142857142857,0.5357142857142857,en,1
Hitler Nick Fuentes,Hitler Nick Fuentes,PERSON,0.2,0.2,en,1
Bill Maher Blasts,Bill Maher Blasts,PERSON,0.2,0.30000000000000004,en,1
Nina-Marie Daniele,Nina-Marie Daniele,PERSON,0.26666666666666666,0.2833333333333333,en,1
Max Holloway Request,Max Holloway Request,PERSON,0.0,0.0,en,1
Dana Wh,Dana Wh,PERSON,-0.4375,0.5,en,1
Dana White Comments,Dana White Comments,PERSON,0.0,0.5,en,1
Dricus du Pl,Dricus du Pl,PERSON,0.027777777777777776,0.2388888888888889,en,1
Margaret Brennan,Margaret Brennan,PERSON,0.09943181818181818,0.4772727272727273,en,1
Mark Warner,Mark Warner,PERSON,0.09943181818181818,0.4772727272727273,en,1
Tom Homan,Tom Homan,PERSON,-0.13666666666666666,0.45,en,1
Sydney Sweeney Got Snubbed,Sydney Sweeney Got Snubbed,PERSON,0.25,0.65,en,1
Diego Brandao,Diego Brandao,PERSON,0.0,0.0,en,1
Max Hol,Max Hol,PERSON,0.0,0.1,en,1
Westminster nea,Westminster nea,PERSON,0.0,0.0,en,1
Javier Men,Javier Men,PERSON,0.0,0.0,en,1
Albert Einstein,Albert Einstein,PERSON,0.037500000000000006,0.6833333333333333,en,1
Ken Haapal,Ken Haapal,PERSON,0.1,0.4,en,1
Buckingham Palace,Buckingham Palace,PERSON,0.13636363636363635,0.45454545454545453,en,1
Charles Britain,Charles Britain,PERSON,0.25,0.3333333333333333,en,1
Wang Qi,Wang Qi,PERSON,0.0,0.05,en,1
Li Meng,Li Meng,PERSON,0.0,0.05,en,1
Jeffery Epstein,Jeffery Epstein,PERSON,-0.06666666666666667,0.15,en,1
Gable St,Gable St,PERSON,0.15,0.75,en,1
the Conor McGregor,the Conor McGregor,PERSON,0.0,0.0,en,1
Guskov Results & Highlights,Guskov Results & Highlights,PERSON,0.13636363636363635,0.5,en,1
UFC Abu,UFC Abu,PERSON,0.32708333333333334,0.4395833333333334,en,1
Dan Hooker - Yahoo Sports,Dan Hooker - Yahoo Sports,PERSON,0.0,0.0,en,1
Fadel SEN,Fadel SEN,PERSON,0.0,0.0,en,1
Abu Dhabi Win,Abu Dhabi Win,PERSON,0.8,0.4,en,1
Magomed Ankalaevs,Magomed Ankalaevs,PERSON,0.5,0.6,en,1
Bogdan Guskovsuffered,Bogdan Guskovsuffered,PERSON,0.14166666666666666,0.5083333333333333,en,1
9-ranked Bogdan Guskov,9-ranked Bogdan Guskov,PERSON,0.05555555555555555,0.14444444444444446,en,1
Santiago Ponzinibbio,Santiago Ponzinibbio,PERSON,0.25,0.75,en,1
Muay Thai,Muay Thai,PERSON,0.35,0.55,en,1
Magomed Chanko Zaynukov,Magomed Chanko Zaynukov,PERSON,0.35,0.55,en,1
Damian Maia,Damian Maia,PERSON,0.0,0.0,en,1
Valter Walker’s,Valter Walker’s,PERSON,-0.4,0.7,en,1
Abu D,Abu D,PERSON,0.16666666666666666,0.3333333333333333,en,1
Conor McGregor UFC,Conor McGregor UFC,PERSON,0.0,0.0,en,1
Harvey Weinstein Deposition,Harvey Weinstein Deposition,PERSON,0.0,0.0,en,1
Michael Ovitz,Michael Ovitz,PERSON,0.0,0.1,en,1
Chanko Zaynukov,Chanko Zaynukov,PERSON,0.3611111111111111,0.6472222222222223,en,1
Ian Machado Garry Islam Makhachev,Ian Machado Garry Islam Makhachev,PERSON,0.1088888888888889,0.4411111111111111,en,1
Michael Biehn,Michael Biehn,PERSON,0.15656565656565655,0.4292929292929293,en,1
Eric Wareheim,Eric Wareheim,PERSON,0.15656565656565655,0.4292929292929293,en,1
Adam Wingards,Adam Wingards,PERSON,0.15656565656565655,0.4292929292929293,en,1
Michael Bi,Michael Bi,PERSON,0.0,0.0,en,1
Adria Arjona’s,Adria Arjona’s,PERSON,0.18333333333333335,0.3111111111111111,en,1
Adam Wingard‘s,Adam Wingard‘s,PERSON,0.13636363636363635,0.45454545454545453,en,1
Katie Phang,Katie Phang,PERSON,0.15555555555555556,0.3333333333333333,en,1
adam wingard,adam wingard,PERSON,0.2175324675324675,0.3703463203463203,en,1
Leon Edwards,Leon Edwards,PERSON,0.08181818181818182,0.2727272727272727,en,1
Ishika Samant,Ishika Samant,PERSON,0.0,0.0,en,1
Out Jimmy Fallon,Out Jimmy Fallon,PERSON,0.0,0.0,en,1
Guskov - Live Updates,Guskov - Live Updates,PERSON,0.18434343434343434,0.3666666666666667,en,1
Guskov - MMA,Guskov - MMA,PERSON,0.0,0.0,en,1
MMA Mt,MMA Mt,PERSON,0.8,0.4,en,1
Guskov Odds,Guskov Odds,PERSON,0.35,0.55,en,1
Ali Baba Bunny,Ali Baba Bunny,PERSON,0.0,0.0,en,1
Chuck Jones,Chuck Jones,PERSON,0.0,0.0,en,1
Kensington Palace,Kensington Palace,PERSON,0.0,0.0,en,1
Alex Pereira KO,Alex Pereira KO,PERSON,0.0,0.0,en,1
Ryan Clark’s,Ryan Clark’s,PERSON,0.0,0.0,en,1
MMA fighte,MMA fighte,PERSON,0.0,0.0,en,1
another Conor McGregor’,another Conor McGregor’,PERSON,0.06818181818181818,0.22727272727272727,en,1
Maria Comella,Maria Comella,PERSON,-0.075,0.225,en,1
Chris Christie,Chris Christie,PERSON,-0.075,0.225,en,1
Jasmine Jasudavicius,Jasmine Jasudavicius,PERSON,0.0,0.0,en,1
Damon Martin,Damon Martin,PERSON,0.04999999999999999,0.6,en,1
Crusader S02,Crusader S02,PERSON,0.0,0.0,en,1
Bruce Timm,Bruce Timm,PERSON,0.0,0.0,en,1
Matt Reeves,Matt Reeves,PERSON,0.0,0.0,en,1
Ed Brubaker,Ed Brubaker,PERSON,0.0,0.0,en,1
Hamish Linklater,Hamish Linklater,PERSON,0.0,0.0,en,1
Jamie Chung,Jamie Chung,PERSON,0.0,0.0,en,1
toforced labourenforcement,toforced labourenforcement,PERSON,0.02727272727272726,0.3909090909090909,en,1
South Kor,South Kor,PERSON,-0.038825757575757576,0.34280303030303033,en,1
South Ko,South Ko,PERSON,0.0,0.0,en,1
Chris Hayes,Chris Hayes,PERSON,-0.30000000000000004,0.8500000000000001,en,1
Christopher Nolans,Christopher Nolans,PERSON,0.0,0.0,en,1
Belgrade Bogdan Guskov,Belgrade Bogdan Guskov,PERSON,0.05833333333333333,0.25,en,1
Abu Dhab,Abu Dhab,PERSON,0.0,0.0,en,1
Jiri Pr,Jiri Pr,PERSON,0.2833333333333334,0.3148148148148148,en,1
Jamie McCarthy,Jamie McCarthy,PERSON,0.0,0.9,en,1
Magomed Ankalev,Magomed Ankalev,PERSON,0.24060606060606063,0.6066666666666667,en,1
Magomed An,Magomed An,PERSON,0.16666666666666666,0.3333333333333333,en,1
Ankalaev Vs,Ankalaev Vs,PERSON,0.35,0.55,en,1
Brian Roemmele,Brian Roemmele,PERSON,0.6,0.9,en,1
Bruno Mars,Bruno Mars,PERSON,0.275,0.5,en,1
Max Holloways,Max Holloways,PERSON,0.0,0.0,en,1
Conor McGregor Weighs,Conor McGregor Weighs,PERSON,0.4333333333333333,0.7333333333333333,en,1
Max H,Max H,PERSON,0.0,0.0,en,1
STEPHEN DAISLEY,STEPHEN DAISLEY,PERSON,0.0,0.0,en,1
Lady Diana,Lady Diana,PERSON,0.0,0.0,en,1
Donald Trump Jr,Donald Trump Jr,PERSON,0.0,0.0,en,1
Caroline Sunshine,Caroline Sunshine,PERSON,-0.2,0.2,en,1
Ali Khamenei,Ali Khamenei,PERSON,0.0,0.0,en,1
Ali Shrine,Ali Shrine,PERSON,-0.3,0.6,en,1
Kylian Mbappe,Kylian Mbappe,PERSON,0.0,0.0,en,1
Benjamin Netanyahu,Benjamin Netanyahu,PERSON,0.21818181818181817,0.4772727272727273,en,1
Meghans Americanness,Meghans Americanness,PERSON,0.0,0.0,en,1
Kylian Mbappé,Kylian Mbappé,PERSON,0.8,0.4,en,1
himReuters Labour,himReuters Labour,PERSON,0.09999999999999999,0.3,en,1
David Jones,David Jones,PERSON,0.0,0.0,en,1
Charles Reunites,Charles Reunites,PERSON,0.0,0.0,en,1
Meghan Markles,Meghan Markles,PERSON,0.0,0.0,en,1
Phoebe Gates,Phoebe Gates,PERSON,0.06818181818181818,0.2772727272727273,en,1
Shabana Mahmood,Shabana Mahmood,PERSON,-0.3888888888888889,0.8333333333333334,en,1
Bunnie Xo Debuts,Bunnie Xo Debuts,PERSON,0.5,0.5,en,1
• King Charles III,• King Charles III,PERSON,0.25,0.611111111111111,en,1
Robert Whitta,Robert Whitta,PERSON,0.4,0.45,en,1
Gable Stevesons,Gable Stevesons,PERSON,-0.25,0.25,en,1
ANDREW NEIL,ANDREW NEIL,PERSON,0.06818181818181818,0.2772727272727273,en,1
Frances Right,Frances Right,PERSON,0.3166666666666667,0.2952380952380952,en,1
royal lif,royal lif,PERSON,0.25,0.3333333333333333,en,1
Jones Squashes Poatan Beef,Jones Squashes Poatan Beef,PERSON,0.0,0.0,en,1
Irishman McGregor,Irishman McGregor,PERSON,0.3333333333333333,0.5,en,1
George IV,George IV,PERSON,0.0,0.0,en,1
Labour MPs,Labour MPs,PERSON,0.0,0.0,en,1
McGregor v Holloway,McGregor v Holloway,PERSON,0.0,0.0,en,1
Conor McGrego,Conor McGrego,PERSON,0.0,0.0,en,1
Glossy Bombshell Blowout,Glossy Bombshell Blowout,PERSON,0.0,0.0,en,1
Katherine Barrell,Katherine Barrell,PERSON,0.0,0.0,en,1
Jaime King,Jaime King,PERSON,0.0,1.0,en,1
Henry VII,Henry VII,PERSON,-0.5,1.0,en,1
Queen Victoria,Queen Victoria,PERSON,-0.5,1.0,en,1
King Charl,King Charl,PERSON,0.0,0.75,en,1
Kim Kardashian,Kim Kardashian,PERSON,0.0,0.0,en,1
Avant Garde,Avant Garde,PERSON,0.05,0.2,en,1
Disneys ABC,Disneys ABC,PERSON,0.0,0.0,en,1
Fred Asquith,Fred Asquith,PERSON,0.0,0.0,en,1
Jon M,Jon M,PERSON,0.0,0.0,en,1
Emily Ratajkowski,Emily Ratajkowski,PERSON,0.0,0.0,en,1
Eric Gay,Eric Gay,PERSON,0.06666666666666667,0.44583333333333336,en,1
John Molner,John Molner,PERSON,0.30000000000000004,0.4125,en,1
Emilia Clarke,Emilia Clarke,PERSON,-0.13181818181818183,0.42727272727272725,en,1
Ana Lopez,Ana Lopez,PERSON,-0.21875,0.4,en,1
Flavio Cobolli,Flavio Cobolli,PERSON,0.0,0.0,en,1
Jeremy Allen White,Jeremy Allen White,PERSON,0.25,0.25,en,1
Paul Anthony Kelly,Paul Anthony Kelly,PERSON,0.0,0.05,en,1
Olivia Benson,Olivia Benson,PERSON,0.0,0.0,en,1
Josh Hokits,Josh Hokits,PERSON,0.15285714285714286,0.3569047619047619,en,1
ceremonial BMF,ceremonial BMF,PERSON,0.29583333333333334,0.3125,en,1
HBO Max head,HBO Max head,PERSON,0.27499999999999997,0.3902777777777778,en,1
Tic Tac,Tic Tac,PERSON,0.0,0.0,en,1
Katie Couri,Katie Couri,PERSON,-0.09454545454545453,0.3524242424242424,en,1
Connor Storrie,Connor Storrie,PERSON,0.25,0.3333333333333333,en,1
Sam Taylor-Johnson,Sam Taylor-Johnson,PERSON,-0.125,0.375,en,1
Jimmy K,Jimmy K,PERSON,0.0,0.0,en,1
Harry kne,Harry kne,PERSON,-0.20833333333333337,0.44999999999999996,en,1
Dylan Cease,Dylan Cease,PERSON,-0.09999999999999999,0.39999999999999997,en,1
Lily Rose Depp’s Hard Nipple,Lily Rose Depp’s Hard Nipple,PERSON,0.15416666666666665,0.7458333333333333,en,1
Venezuela Delcy Rodríguez,Venezuela Delcy Rodríguez,PERSON,0.0,0.0,en,1
Ms Giuffre,Ms Giuffre,PERSON,0.16666666666666666,0.3,en,1
Gable Ste,Gable Ste,PERSON,0.30333333333333334,0.43,en,1
Grammys Predictions 2027,Grammys Predictions 2027,PERSON,0.5,0.5,en,1
Khaili Rountree,Khaili Rountree,PERSON,0.16666666666666666,0.3333333333333333,en,1
Magomed Anakalaev,Magomed Anakalaev,PERSON,0.13636363636363635,0.45454545454545453,en,1
Joe Marler,Joe Marler,PERSON,0.0,0.0,en,1
Kristen Welker,Kristen Welker,PERSON,0.0,0.1,en,1
Revisiting Mark Twain,Revisiting Mark Twain,PERSON,0.0,0.0,en,1
Jake Gyllenhaal,Jake Gyllenhaal,PERSON,0.1,0.1,en,1
Getty Images,Getty Images,PERSON,0.1,0.1,en,1
Dana Whites Contender Series,Dana Whites Contender Series,PERSON,0.0,0.0,en,1
Whitney Cummings,Whitney Cummings,PERSON,0.0,0.0,en,1
Matt Friend,Matt Friend,PERSON,0.0,0.0,en,1
Woody Harrelson,Woody Harrelson,PERSON,0.0,0.0,en,1
Arianna Huffington,Arianna Huffington,PERSON,0.0,0.0,en,1
Jay Leno,Jay Leno,PERSON,0.0,0.0,en,1
John Mellencamp,John Mellencamp,PERSON,0.0,0.0,en,1
Shara Bullet,Shara Bullet,PERSON,0.0,0.1,en,1
Kiran Honnannanavar,Kiran Honnannanavar,PERSON,-0.025,0.125,en,1
Greg Abbott,Greg Abbott,PERSON,0.22500000000000003,0.7,en,1
Abdulmanap Nurmagomedovs,Abdulmanap Nurmagomedovs,PERSON,0.5,1.0,en,1
Bautista Vs,Bautista Vs,PERSON,0.0,1.0,en,1
‘Iron Mike’,‘Iron Mike’,PERSON,0.25,0.75,en,1
Michel Pereira’s,Michel Pereira’s,PERSON,0.0,0.55,en,1
Will Ferrell,Will Ferrell,PERSON,0.13636363636363635,0.45454545454545453,en,1
Teleprompter Guy,Teleprompter Guy,PERSON,-0.1,0.1,en,1
Chloe Fineman,Chloe Fineman,PERSON,0.25,0.3333333333333333,en,1
Michael Che,Michael Che,PERSON,0.07878787878787878,0.3416666666666666,en,1
Gor Azizyan,Gor Azizyan,PERSON,0.0,1.0,en,1
Jones + Dana,Jones + Dana,PERSON,0.0,0.0,en,1
Homies 4 Lyfe,Homies 4 Lyfe,PERSON,0.0,0.0,en,1
Jones admitte,Jones admitte,PERSON,0.0,0.0,en,1
Influential Peop,Influential Peop,PERSON,0.5,0.5,en,1
Herb Dean’s,Herb Dean’s,PERSON,0.55,0.95,en,1
Native Ame,Native Ame,PERSON,0.03571428571428571,0.30476190476190473,en,1
Chris Unger,Chris Unger,PERSON,0.0,0.0,en,1
Knee Surgery,Knee Surgery,PERSON,0.125,0.6666666666666666,en,1
Daniel Vithlani,Daniel Vithlani,PERSON,0.125,0.16666666666666666,en,1
Connor McGregor,Connor McGregor,PERSON,0.125,0.16666666666666666,en,1
Johnny Knoxville,Johnny Knoxville,PERSON,0.013888888888888886,0.23611111111111108,en,1
Dan Friedman,Dan Friedman,PERSON,0.0,0.0,en,1
Friedman repea,Friedman repea,PERSON,0.2611111111111111,0.5666666666666668,en,1
Ro Khan,Ro Khan,PERSON,0.2,0.30000000000000004,en,1
QUENTIN LETTS,QUENTIN LETTS,PERSON,0.0,0.0,en,1
Queen Elizabeth,Queen Elizabeth,PERSON,-0.265,0.65,en,1
Adrian Yanez,Adrian Yanez,PERSON,0.0,0.0,en,1
Cody Garbrandt,Cody Garbrandt,PERSON,0.0,0.0,en,1
Peter da Silva,Peter da Silva,PERSON,0.125,0.75,en,1
Benoit S,Benoit S,PERSON,0.0,0.0,en,1
Saint Denis,Saint Denis,PERSON,0.0,0.0,en,1
Benoi Saint-Denis,Benoi Saint-Denis,PERSON,0.0,0.0,en,1
Benoit Saint,Benoit Saint,PERSON,-0.06666666666666667,0.4666666666666666,en,1
Max Holloway LAS,Max Holloway LAS,PERSON,0.18333333333333335,0.3666666666666667,en,1
Mike Rutherford,Mike Rutherford,PERSON,0.0,0.0,en,1
Larry Fink,Larry Fink,PERSON,0.0,0.0,en,1
Lover Scooter Braun,Lover Scooter Braun,PERSON,0.0,0.0,en,1
Le Pen,Le Pen,PERSON,0.0,0.0,en,1
Burnham Weighs Bigger Budget as,Burnham Weighs Bigger Budget as,PERSON,0.1,0.35,en,1
ANDREW PIERCE,ANDREW PIERCE,PERSON,0.0,0.0,en,1
Zohran Ma,Zohran Ma,PERSON,0.13636363636363635,0.45454545454545453,en,1
Banana Fish,Banana Fish,PERSON,0.5,0.6,en,1
Paddy Pimbletts,Paddy Pimbletts,PERSON,0.0,0.0,en,1
Josh Hokit’s,Josh Hokit’s,PERSON,0.4,0.7,en,1
Jephson insis,Jephson insis,PERSON,0.0,0.0,en,1
Got Tits,Got Tits,PERSON,0.0,0.0,en,1
Jeff Bott,Jeff Bott,PERSON,0.0,0.0,en,1
Charles long-time,Charles long-time,PERSON,0.0,0.375,en,1
Charles w,Charles w,PERSON,0.0,0.375,en,1
Todd Blanche Shields,Todd Blanche Shields,PERSON,-0.5,0.5,en,1
CNN Wou,CNN Wou,PERSON,0.25,0.25,en,1
Nurideen Shabazz,Nurideen Shabazz,PERSON,0.2601190476190476,0.31577380952380957,en,1
Nicolás Maduro,Nicolás Maduro,PERSON,-0.4000000000000001,0.6,en,1
Jesse Watters Shrugs,Jesse Watters Shrugs,PERSON,0.2857142857142857,0.5357142857142857,en,1
Ossoff Jab,Ossoff Jab,PERSON,0.2857142857142857,0.5357142857142857,en,1
Ossoff dur,Ossoff dur,PERSON,-0.28994708994709,0.6082010582010583,en,1
Natalie Harp Comments,Natalie Harp Comments,PERSON,0.014814814814814808,0.42962962962962964,en,1
Natalie Harp Carry a Portable Printer Everywhere,Natalie Harp Carry a Portable Printer Everywhere,PERSON,0.25,0.3214285714285714,en,1
Willie Nelson,Willie Nelson,PERSON,0.1,0.4,en,1
Neil Young,Neil Young,PERSON,0.1,0.4,en,1
Sara Eisen,Sara Eisen,PERSON,0.14814814814814817,0.3962962962962963,en,1
Jimmy Kimmel Li,Jimmy Kimmel Li,PERSON,-0.06458333333333334,0.45,en,1
Kathy Gr,Kathy Gr,PERSON,-0.15277777777777776,0.5333333333333333,en,1
Dan Abrams,Dan Abrams,PERSON,0.06666666666666667,0.375,en,1
Hill Rosie,Hill Rosie,PERSON,-0.1111111111111111,0.45,en,1
Natalie Harp Chatter,Natalie Harp Chatter,PERSON,0.0,0.0,en,1
Melania Trumpdescribed,Melania Trumpdescribed,PERSON,0.25,0.5,en,1
Sean Stri,Sean Stri,PERSON,0.024999999999999994,0.3666666666666667,en,1
Fernando Mendoza,Fernando Mendoza,PERSON,0.1,0.25,en,1
Garry Carlos Prates,Garry Carlos Prates,PERSON,0.06666666666666667,0.19999999999999998,en,1
Rosie O’Don,Rosie O’Don,PERSON,0.03409090909090909,0.125,en,1
Merab Dvalishvili RAF,Merab Dvalishvili RAF,PERSON,0.0,0.0,en,1
RAF Georgia,RAF Georgia,PERSON,0.4000000000000001,0.9,en,1
Maura Higgins,Maura Higgins,PERSON,0.0,0.0,en,1
Ciara Miller,Ciara Miller,PERSON,0.0,0.0,en,1
Jackson Olson,Jackson Olson,PERSON,0.0,0.0,en,1
Guillermo Rodriguez,Guillermo Rodriguez,PERSON,0.0,0.0,en,1
Len Goodman Mirrorball Trophy,Len Goodman Mirrorball Trophy,PERSON,-0.1,0.3,en,1
Jimmy Kimmel Guest,Jimmy Kimmel Guest,PERSON,-0.5,0.5,en,1
Natalie Harps,Natalie Harps,PERSON,-0.25,0.48333333333333334,en,1
Georgia Sen,Georgia Sen,PERSON,0.0,0.0,en,1
Oompa Loompa,Oompa Loompa,PERSON,0.0,0.0,en,1
John Roberts,John Roberts,PERSON,0.0,0.0,en,1
Willy Wonka,Willy Wonka,PERSON,0.2,0.2,en,1
Loretta Preska,Loretta Preska,PERSON,0.0,0.2111111111111111,en,1
Langdon Hickman,Langdon Hickman,PERSON,0.06709956709956709,0.4047619047619048,en,1
Trumps se,Trumps se,PERSON,-0.07777777777777779,0.14444444444444446,en,1
Elbow Xollouey,Elbow Xollouey,PERSON,0.023333333333333327,0.52,en,1
Hayden Panett,Hayden Panett,PERSON,0.11787878787878787,0.33090909090909093,en,1
Donald Trump - Fox News,Donald Trump - Fox News,PERSON,-0.3,0.6,en,1
Jeffrey Epstein Scandal,Jeffrey Epstein Scandal,PERSON,-0.43333333333333335,0.8666666666666667,en,1
Chelsea Handler,Chelsea Handler,PERSON,0.0,0.1,en,1
Einstein Visa,Einstein Visa,PERSON,0.0,0.1,en,1
Volkanovski lo,Volkanovski lo,PERSON,0.16666666666666666,0.3333333333333333,en,1
Stephen Thompson,Stephen Thompson,PERSON,0.0,0.0,en,1
Ian G,Ian G,PERSON,0.0,0.5,en,1
KO Islam Makhachev,KO Islam Makhachev,PERSON,0.0,0.0,en,1
Charles Johnson,Charles Johnson,PERSON,0.125,0.6666666666666666,en,1
ROSIE ODONNELL,ROSIE ODONNELL,PERSON,0.13636363636363635,0.5,en,1
Ossoff Barb Lands,Ossoff Barb Lands,PERSON,0.0,0.0,en,1
Jonathan Swans,Jonathan Swans,PERSON,-0.125,0.375,en,1
François Hollande,François Hollande,PERSON,0.08,0.11333333333333333,en,1
Bernard Cazeneuve,Bernard Cazeneuve,PERSON,0.08,0.11333333333333333,en,1
Makhachev Carlos Prates,Makhachev Carlos Prates,PERSON,0.0,0.0,en,1
Gleison Tibau,Gleison Tibau,PERSON,0.03333333333333333,0.39999999999999997,en,1
Junkie Coach,Junkie Coach,PERSON,0.4055555555555556,0.3333333333333333,en,1
Machado Garry Fight,Machado Garry Fight,PERSON,0.4055555555555556,0.3333333333333333,en,1
Jean Smart Brushes Off Her Potential Emmy Record,Jean Smart Brushes Off Her Potential Emmy Record,PERSON,0.10714285714285714,0.8214285714285714,en,1
Jean Smart Brushes Off,Jean Smart Brushes Off,PERSON,0.15476190476190477,0.6587301587301587,en,1
Jean Smart,Jean Smart,PERSON,0.19107142857142856,0.29821428571428577,en,1
Jimmy Kimm,Jimmy Kimm,PERSON,0.0,0.125,en,1
Cormier surfa,Cormier surfa,PERSON,0.016666666666666666,0.03333333333333333,en,1
Mango Mussolini,Mango Mussolini,PERSON,0.0,0.125,en,1
Serghei Spivac,Serghei Spivac,PERSON,0.0,0.0,en,1
Rosie ODonnells week,Rosie ODonnells week,PERSON,0.41666666666666663,0.6666666666666667,en,1
Jed Rakoff,Jed Rakoff,PERSON,0.0,0.0,en,1
Kyle Kirkwood,Kyle Kirkwood,PERSON,0.6166666666666667,0.7833333333333333,en,1
Marcio Barbosa,Marcio Barbosa,PERSON,-0.046666666666666676,0.3416666666666667,en,1
Rodrigues Live Updat,Rodrigues Live Updat,PERSON,0.17992424242424243,0.35833333333333334,en,1
Antony Hernandez,Antony Hernandez,PERSON,0.16666666666666666,0.3333333333333333,en,1
Rodrigues entere,Rodrigues entere,PERSON,0.0,0.0,en,1
Charlie Kirks,Charlie Kirks,PERSON,0.14444444444444446,0.3888888888888889,en,1
Julia Demaree Nikhinson,Julia Demaree Nikhinson,PERSON,-0.2318181818181818,0.7272727272727273,en,1
Jose Luis Magana,Jose Luis Magana,PERSON,-0.2318181818181818,0.7272727272727273,en,1
Donald Trumpwhile,Donald Trumpwhile,PERSON,0.2740909090909091,0.6599999999999999,en,1
Ryan Gosling’s,Ryan Gosling’s,PERSON,0.0,0.5,en,1
Natalie Harp Dig Was,Natalie Harp Dig Was,PERSON,0.13636363636363635,0.45454545454545453,en,1
Mark Ruffalo,Mark Ruffalo,PERSON,0.0,0.0,en,1
Ilya Khrzhanovsky,Ilya Khrzhanovsky,PERSON,0.0,0.0,en,1
Tom M,Tom M,PERSON,0.5,0.9,en,1
Nermeen Shaikh,Nermeen Shaikh,PERSON,0.0,0.0,en,1
Alex Young Jelly Roll,Alex Young Jelly Roll,PERSON,0.10727272727272727,0.375,en,1
Martin Scorsese Classic,Martin Scorsese Classic,PERSON,0.13541666666666666,0.4791666666666667,en,1
Martin Scorsese,Martin Scorsese,PERSON,0.13541666666666666,0.4791666666666667,en,1
Eddie Fu Stevie Nicks,Eddie Fu Stevie Nicks,PERSON,0.15681818181818183,0.5,en,1
Stephen Colbe,Stephen Colbe,PERSON,0.0,0.0,en,1
Ben Travers,Ben Travers,PERSON,0.8,0.4,en,1
Alex Apodaca,Alex Apodaca,PERSON,0.22,0.3466666666666667,en,1
Ian Machado Gar,Ian Machado Gar,PERSON,0.0,0.0,en,1
Chris Mundy,Chris Mundy,PERSON,0.25,0.2,en,1
Damon Lindelof,Damon Lindelof,PERSON,0.25,0.2,en,1
Aaron Pierre,Aaron Pierre,PERSON,0.25,0.2,en,1
Kyle Chandler,Kyle Chandler,PERSON,0.25,0.2,en,1
Hal Jordan)-starring Lanterns,Hal Jordan)-starring Lanterns,PERSON,0.25,0.2,en,1
Jon Stewart Nails,Jon Stewart Nails,PERSON,-0.65,0.8,en,1
Linda Bilmes,Linda Bilmes,PERSON,0.0,0.0,en,1
Farah Hoannoun,Farah Hoannoun,PERSON,0.03409090909090909,0.1875,en,1
Glass Ceiling,Glass Ceiling,PERSON,0.43333333333333335,0.8666666666666667,en,1
Michelle Trachtenberg,Michelle Trachtenberg,PERSON,-0.75,0.75,en,1
Magomed Mago,Magomed Mago,PERSON,0.08571428571428572,0.30476190476190473,en,1
Rodrigues Ceremonial Weigh-ins,Rodrigues Ceremonial Weigh-ins,PERSON,0.09318181818181817,0.425,en,1
Anthony Hernadez,Anthony Hernadez,PERSON,0.04999999999999999,0.3166666666666667,en,1
ROSIE SERENADES,ROSIE SERENADES,PERSON,-0.07857142857142856,0.6142857142857143,en,1
Pee Wee Herman,Pee Wee Herman,PERSON,0.0,0.0,en,1
Anthony Hernand,Anthony Hernand,PERSON,0.06727272727272726,0.42000000000000004,en,1
Hernandez Vs,Hernandez Vs,PERSON,0.35,0.55,en,1
Rodrigues Odds,Rodrigues Odds,PERSON,0.35,0.55,en,1
Thomas Massie,Thomas Massie,PERSON,-0.07500000000000001,0.305,en,1
Prince Edward,Prince Edward,PERSON,0.0,0.0,en,1
Rodrigues Hernandez,Rodrigues Hernandez,PERSON,0.21666666666666665,0.43333333333333335,en,1
Henry Cej,Henry Cej,PERSON,0.060606060606060594,0.36666666666666664,en,1
Gregory Rodrigues outslugs Anthony Hernandez,Gregory Rodrigues outslugs Anthony Hernandez,PERSON,0.0,0.0,en,1
Robocop Rends Hernandez’s,Robocop Rends Hernandez’s,PERSON,0.0,0.0,en,1
UFC Sacr,UFC Sacr,PERSON,0.06666666666666667,0.13333333333333333,en,1
Rodrigues - MMA,Rodrigues - MMA,PERSON,0.13636363636363635,0.5,en,1
Sidney Paternoster,Sidney Paternoster,PERSON,0.7,0.9,en,1
Cejudo 2MMA Fighting Highlights,Cejudo 2MMA Fighting Highlights,PERSON,0.20833333333333331,0.3333333333333333,en,1
Anthony Hern,Anthony Hern,PERSON,0.3833333333333333,0.6666666666666666,en,1
Merab Dvalishvili - MMA Junkie,Merab Dvalishvili - MMA Junkie,PERSON,0.0,0.0,en,1
Junkie Henry Cejudo,Junkie Henry Cejudo,PERSON,0.19444444444444445,0.31111111111111106,en,1
MARK HALPERIN,MARK HALPERIN,PERSON,-0.6999999999999998,0.6666666666666666,en,1
Anthony “Fluffy” Hernandez,Anthony “Fluffy” Hernandez,PERSON,0.006666666666666659,0.3733333333333333,en,1
Gregory “Robocop” Rodrigues,Gregory “Robocop” Rodrigues,PERSON,0.006666666666666659,0.3733333333333333,en,1
"Gregory ""Robocop"" Rodrigues","Gregory ""Robocop"" Rodrigues",PERSON,0.006666666666666659,0.3733333333333333,en,1
Merab Dvalishvli,Merab Dvalishvli,PERSON,0.4375,0.875,en,1
Rewatch Rodrigues-Hernandez,Rewatch Rodrigues-Hernandez,PERSON,0.16666666666666666,0.3333333333333333,en,1
Michael Chiesa,Michael Chiesa,PERSON,0.0,0.0,en,1
Will Carlos Prates,Will Carlos Prates,PERSON,0.13636363636363635,0.45454545454545453,en,1
Natalie Harp Mess as Leaks Grow Damning,Natalie Harp Mess as Leaks Grow Damning,PERSON,-0.175,0.175,en,1
UFC Pound,UFC Pound,PERSON,0.5,0.5,en,1
Joe Raedle,Joe Raedle,PERSON,0.0,0.0,en,1
Kevin Dietsch,Kevin Dietsch,PERSON,0.0,0.0,en,1
Farah Hannoun,Farah Hannoun,PERSON,0.03409090909090909,0.1875,en,1
Cruz Lead,Cruz Lead,PERSON,0.45,0.65,en,1
Javier Mendes,Javier Mendes,PERSON,0.1,1.0,en,1
Ron Wyden,Ron Wyden,PERSON,0.04545454545454545,0.48484848484848486,en,1
Ian Brennan,Ian Brennan,PERSON,0.25,0.3333333333333333,en,1
Ian Brennan‘s Monster,Ian Brennan‘s Monster,PERSON,0.25,0.3333333333333333,en,1
The Lizzie Borden Story,The Lizzie Borden Story,PERSON,0.25,0.3333333333333333,en,1
Renato Moicano,Renato Moicano,PERSON,0.0,0.3666666666666667,en,1
Epstein Survivors,Epstein Survivors,PERSON,0.0,0.0,en,1
Fabricio Werdum,Fabricio Werdum,PERSON,0.6,1.0,en,1
Alex Davies-Jones,Alex Davies-Jones,PERSON,0.0,0.03333333333333333,en,1
Alex Davies-J,Alex Davies-J,PERSON,0.0,0.03333333333333333,en,1
Tiffany Haddish,Tiffany Haddish,PERSON,0.0,0.6666666666666666,en,1
Ike Barinholtz,Ike Barinholtz,PERSON,0.0,0.6666666666666666,en,1
Alicia Mene,Alicia Mene,PERSON,0.3,0.45,en,1
Kayla Harrison,Kayla Harrison,PERSON,0.5,0.8888888888888888,en,1
Julianna Peña,Julianna Peña,PERSON,0.0,0.0,en,1
Garry Peterson,Garry Peterson,PERSON,0.0,0.0,en,1
Jeffrey Epstien’s,Jeffrey Epstien’s,PERSON,0.13636363636363635,0.45454545454545453,en,1
Maurício Ruffy,Maurício Ruffy,PERSON,0.0,0.0,en,1
KOing Arman Tsarukyan,KOing Arman Tsarukyan,PERSON,0.2,0.1,en,1
Nakida Bidarian,Nakida Bidarian,PERSON,0.0,0.0,en,1
Nakisa Bidarian jabs,Nakisa Bidarian jabs,PERSON,0.2333333333333333,0.19999999999999998,en,1
Archie C,Archie C,PERSON,0.0,1.0,en,1
Steve Apfel,Steve Apfel,PERSON,0.0,0.75,en,1
Javier Mendezs,Javier Mendezs,PERSON,0.25,1.0,en,1
Yaroslav Amosov,Yaroslav Amosov,PERSON,-0.6999999999999998,0.6666666666666666,en,1
Royce Gracie,Royce Gracie,PERSON,0.0,1.0,en,1
Ian Garry Keeping Empty Frame,Ian Garry Keeping Empty Frame,PERSON,-0.1,0.5,en,1
Machado Garry Fight Card,Machado Garry Fight Card,PERSON,0.0,0.0,en,1
Kyler MurrayAaron Donald,Kyler MurrayAaron Donald,PERSON,0.2,0.6,en,1
Jake Pauls,Jake Pauls,PERSON,0.3060606060606061,0.31742424242424244,en,1
Donald J,Donald J,PERSON,0.0,0.0,en,1
David Beckham,David Beckham,PERSON,0.20227272727272724,0.37924242424242427,en,1
Karyna Shuliak,Karyna Shuliak,PERSON,0.06818181818181818,0.2606060606060606,en,1
Clive Aldertons,Clive Aldertons,PERSON,0.016666666666666673,0.4166666666666667,en,1
Special Coun,Special Coun,PERSON,0.17857142857142858,0.2857142857142857,en,1
Rashida Tlaib,Rashida Tlaib,PERSON,-0.2128571428571428,0.46142857142857147,en,1
Alex Jenkinson,Alex Jenkinson,PERSON,0.0,0.0,en,1
Epstein Survivors Launch,Epstein Survivors Launch,PERSON,0.0,0.0,en,1
Kathryn Ruemmler,Kathryn Ruemmler,PERSON,0.2625,0.31666666666666665,en,1
Michael Morales-UFC,Michael Morales-UFC,PERSON,0.0,1.0,en,1
Dayne Fox,Dayne Fox,PERSON,0.3333333333333333,0.3333333333333333,en,1
Nakisa Bidarian,Nakisa Bidarian,PERSON,0.0625,0.5,en,1
Jamie Ding,Jamie Ding,PERSON,0.0,0.1,en,1
championJamie Ding,championJamie Ding,PERSON,0.0,0.0,en,1
Michael Mann,Michael Mann,PERSON,0.0,0.1,en,1
Archie Colgan MMA,Archie Colgan MMA,PERSON,0.14393939393939392,0.42424242424242425,en,1
Usman Nurmagomedov Archie Colgan,Usman Nurmagomedov Archie Colgan,PERSON,0.060606060606060594,0.6242424242424243,en,1
Philip Giraldi,Philip Giraldi,PERSON,-0.09375,0.25,en,1
Ditcheva outpoints,Ditcheva outpoints,PERSON,0.13636363636363635,0.45454545454545453,en,1
Junkie Nurmagomedov,Junkie Nurmagomedov,PERSON,0.1341991341991342,0.34415584415584416,en,1
Ditcheva wi,Ditcheva wi,PERSON,0.1341991341991342,0.34415584415584416,en,1
Ronda Ro,Ronda Ro,PERSON,0.0,0.5,en,1
Jerry Springer,Jerry Springer,PERSON,0.0,0.0,en,1
Tallahassee Leon Babe,Tallahassee Leon Babe,PERSON,0.0,0.0,en,1
Ruth 13U,Ruth 13U,PERSON,0.0,0.0,en,1
Leon Babe Ruth,Leon Babe Ruth,PERSON,0.2,0.19166666666666665,en,1
Wes Welker,Wes Welker,PERSON,0.0,0.0,en,1
Anthony Joshua,Anthony Joshua,PERSON,0.011111111111111112,0.022222222222222223,en,1
Ankit Baiyanpuria,Ankit Baiyanpuria,PERSON,0.22000000000000003,0.4833333333333334,en,1
Andrew Lownie,Andrew Lownie,PERSON,0.43333333333333335,0.8333333333333334,en,1
Alison Boshoff,Alison Boshoff,PERSON,0.20227272727272724,0.37924242424242427,en,1
Pete McArdleReading,Pete McArdleReading,PERSON,0.19999999999999998,0.49444444444444446,en,1
Epstein Case,Epstein Case,PERSON,0.0,0.0,en,1
Prince Andrew,Prince Andrew,PERSON,0.0,0.0,en,1
Mike Tyson,Mike Tyson,PERSON,0.0,0.0,en,1
Mauricio Ruffy Arman Tsarukyan,Mauricio Ruffy Arman Tsarukyan,PERSON,0.2,0.4,en,1
Michael Fassbender,Michael Fassbender,PERSON,0.275,0.7208333333333333,en,1
Paul Mescal,Paul Mescal,PERSON,0.275,0.7208333333333333,en,1
Pete St Johns,Pete St Johns,PERSON,0.2,0.375,en,1
Makhachev v,Makhachev v,PERSON,0.0,0.0,en,1
Machado Garry - UFC,Machado Garry - UFC,PERSON,0.0,0.0,en,1
Khabib Vs,Khabib Vs,PERSON,0.0,0.0,en,1
Mauricio Ruffy - MMA,Mauricio Ruffy - MMA,PERSON,0.0,0.0,en,1
Machado Garry Online,Machado Garry Online,PERSON,0.0,0.0,en,1
‘Ian Garry,‘Ian Garry,PERSON,0.8,0.4,en,1
Irelands Ian Machado Garry,Irelands Ian Machado Garry,PERSON,0.75,0.95,en,1
Makhachev durin,Makhachev durin,PERSON,0.25,0.3333333333333333,en,1
Jeffrey Epste,Jeffrey Epste,PERSON,-0.1,0.175,en,1
Alexander Vol,Alexander Vol,PERSON,0.0,0.0,en,1
Russia‘s Islam Makhachev,Russia‘s Islam Makhachev,PERSON,0.2625,0.42500000000000004,en,1
Epstein Victims,Epstein Victims,PERSON,0.0,0.0,en,1
Garry Islam Makachev,Garry Islam Makachev,PERSON,0.8,0.9,en,1
Nolan King,Nolan King,PERSON,0.0,0.0,en,1
Mackenzie Dern’s,Mackenzie Dern’s,PERSON,0.1,0.3,en,1
Ian Machado Ga,Ian Machado Ga,PERSON,0.13333333333333333,0.7666666666666666,en,1
CNN‘s Kristen Holmes,CNN‘s Kristen Holmes,PERSON,0.0,0.0,en,1
Jordan Burrou,Jordan Burrou,PERSON,0.16666666666666666,0.3333333333333333,en,1
Van Vs,Van Vs,PERSON,0.16666666666666666,0.3333333333333333,en,1
Natalie Harp Backfires Spectacularly,Natalie Harp Backfires Spectacularly,PERSON,0.6,0.9,en,1
Na Na Na Na Na Na Na,Na Na Na Na Na Na Na,PERSON,0.0,0.0,en,1
Anderson Si,Anderson Si,PERSON,0.5,0.7,en,1
Larry David,Larry David,PERSON,0.0,0.0,en,1
Pulitzer Prize,Pulitzer Prize,PERSON,0.13636363636363635,0.45454545454545453,en,1
Jimmy Kimmel Joke,Jimmy Kimmel Joke,PERSON,0.0,0.0,en,1
Garry square,Garry square,PERSON,0.16666666666666666,0.3333333333333333,en,1
Audra Lynn,Audra Lynn,PERSON,-0.1,0.1,en,1
Leon Blackcofounde,Leon Blackcofounde,PERSON,-0.3,0.6,en,1
Wint Smashes Adams Inside,Wint Smashes Adams Inside,PERSON,0.0,0.0,en,1
Evander Holyfield,Evander Holyfield,PERSON,0.0,0.0,en,1
Projeto Neymar,Projeto Neymar,PERSON,0.0,0.0,en,1
Abu Dhabis,Abu Dhabis,PERSON,0.14727272727272728,0.5209090909090909,en,1
Anand Rathi,Anand Rathi,PERSON,0.1383116883116883,0.31147186147186146,en,1
Merab Dva,Merab Dva,PERSON,0.0,0.25,en,1
Epstein Move,Epstein Move,PERSON,-0.05,0.05,en,1
Harini Amarasuriya,Harini Amarasuriya,PERSON,-0.15625,0.36875,en,1
Dana White Open,Dana White Open,PERSON,0.0,0.25,en,1
BMF Title,BMF Title,PERSON,0.0,0.25,en,1
MMA communityhe,MMA communityhe,PERSON,-0.5,0.9,en,1
Ron Howard,Ron Howard,PERSON,0.35,0.75,en,1
Abu Dh,Abu Dh,PERSON,0.12099567099567099,0.4648268398268398,en,1
Lok Sabha,Lok Sabha,PERSON,0.26666666666666666,0.2833333333333333,en,1
Matt Adams,Matt Adams,PERSON,0.05555555555555555,0.1111111111111111,en,1
Andy Fisher,Andy Fisher,PERSON,0.125,0.16666666666666666,en,1
Craig Jones,Craig Jones,PERSON,0.0,0.0,en,1
Joshua Vandue,Joshua Vandue,PERSON,0.05,0.7,en,1
Serene Cheong,Serene Cheong,PERSON,0.0,0.0,en,1
Yongchang Chin,Yongchang Chin,PERSON,0.0,0.0,en,1
Rakesh Sharma,Rakesh Sharma,PERSON,0.0,0.0,en,1
MMA f,MMA f,PERSON,0.375,0.41666666666666663,en,1
Khabib appea,Khabib appea,PERSON,0.4,0.375,en,1
Henry Cejudo-Merab,Henry Cejudo-Merab,PERSON,0.1515151515151515,0.3939393939393939,en,1
Mackenzie Der,Mackenzie Der,PERSON,0.5,0.75,en,1
Robert De Niro,Robert De Niro,PERSON,0.06022727272727272,0.325,en,1
Danny Ricker,Danny Ricker,PERSON,0.125,0.16666666666666666,en,1
Gary Greenberg,Gary Greenberg,PERSON,0.125,0.16666666666666666,en,1
Josh Halloway,Josh Halloway,PERSON,0.125,0.16666666666666666,en,1
Taegan Goddard,Taegan Goddard,PERSON,0.24074074074074078,0.5296296296296297,en,1
